team_name,insta_id,ista_name,insta_fullname,website,media_count,followed_by,follows
1. FC Heidenheim 1846,1. FC Heidenheim 1846,1328474655,fch_1846,1. FC Heidenheim 1846 e. V.,http://www.fc-heidenheim.de/impressum.html,942,8314,44
1. FC Kaiserslautern,1. FC Kaiserslautern,1441660887,1fckaiserslautern1900,1. FC Kaiserslautern e.V.,http://www.fck.de,1259,26680,60
1. FC Köln,1. FC Köln,46628942,fckoeln,1. FC Köln,https://www.fc-koeln.de/start/,2859,120635,1053
1. FC Nürnberg,1. FC Nürnberg,1483336755,1_fc_nuernberg,1. FC Nürnberg,http://www.fcn.de,786,42426,42
1. FC Slovácko,1. FC Slovácko,1579374825,fcslovacko,1. FC Slovácko,http://www.fcslovacko.cz,242,2166,89
1. FC Union Berlin,1. FC Union Berlin,1908004587,1.fcunion,1. FC Union Berlin,http://www.fc-union-berlin.de/,663,13191,176
1. FK Příbram,1. FK Příbram,1919388661,petr_vetrovsky,1.FK Pribram, VDN Promo ⚽️🎤🎬,https://www.facebook.com/petrvetrovskyofficial/,412,19607,728
1. FSV Mainz 05,1. FSV Mainz 05,372025263,1fsvmainz05,1. FSV Mainz 05 e. V.,http://www.mainz05.de,1954,39164,35
1899 Hoffenheim,1899 Hoffenheim,1821338746,hoffenheim_1899,TSG 1899 Hoffenheim,http://www.achtzehn99.de,0,20,12
AC Ajaccio,AC Ajaccio,336104734,acajaccio,AC Ajaccio,http://www.ac-ajaccio.corsica,337,7839,84
AC Cesena,AC Cesena,388875722,cesenacalcio,A.C.Cesena,http://www.cesenacalcio.it,2072,17369,79
AC Horsens,AC Horsens,2208411106,ac_horsens,AC Horsens,http://www.achorsens.dk,210,1530,44
AC Milan,AC Milan,224658467,acmilan,AC Milan,http://www.acmilan.com/,2316,3147853,34
AC Perugia Calcio,AC Perugia Calcio,4144512587,tifo_grifo,A.C Perugia calcio,,5,27,90
AC Pisa,AC Pisa,4322272598,a.c.pisa,A.C.Pisa 2003,,10,191,421
ACF Fiorentina,ACF Fiorentina,20693711,acffiorentina,📷 ACF Fiorentina 📷,http://www.violachannel.tv,893,214617,47
ACS Poli Timişoara,ACS Poli Timişoara,NaN,NaN,NaN,NaN,NaN,NaN,NaN
AD Alcorcón,AD Alcorcón,1521275006,adalcorconsad,A.D. Alcorcón S.A.D.,http://www.adalcorcon.com,691,8245,199
ADO Den Haag,ADO Den Haag,319791148,adodenhaag,ADO Den Haag,http://www.adodenhaag.nl/kaartverkoop,1530,16811,36
AE Larisa,AE Larisa,1391605577,aelfc_unofficial,AELarisa Football Club,https://www.facebook.com/Aelfc_unofficial-1259528797462615/,2751,6383,134
AEK Athen,AEK Athen,4191469832,f.c.aekathens,AEK Athens F.C.,https://www.facebook.com/AekAthens1924/,305,3874,5233
AEP Iraklis FC,AEP Iraklis FC,NaN,NaN,NaN,NaN,NaN,NaN,NaN
AFC Ajax,AFC Ajax,456026676,afcajax,AFC Ajax,http://ajaxseizoenkaart.nl/,3388,452200,132
AFC Bournemouth,AFC Bournemouth,424085081,officialafcb,AFC Bournemouth,http://www.afcb.co.uk,1593,132093,69
AIK Solna,AIK Solna,40017003,aiksolna,,,0,2,0
AJ Auxerre,AJ Auxerre,2018220949,aja,AJ Auxerre,http://www.aja.fr,2590,12485,129
AO Kerkyra,AO Kerkyra,3427281659,aokerkyra,ao kerkyra,,0,9,135
AS Cittadella,AS Cittadella,758654189,ascittadella1973,A.S. Cittadella 1973,http://www.ascittadella.it,702,3555,23
AS Eupen,AS Eupen,10640207,aseupen,,,0,42,0
AS Monaco,AS Monaco,284182255,asmonaco,ASMONACO,http://www.asmonaco.com/,3767,396444,45
AS Nancy,AS Nancy,510091641,asnancylorraine,ASNL,http://www.asnl.net/,487,18826,69
AS Roma,AS Roma,1428837659,officialasroma,AS Roma,http://www.dugout.com/ASRoma,3993,968936,52
AS Saint-Étienne,AS Saint-Étienne,244054340,asseofficiel,AS Saint-Étienne,http://www.asse.fr/,1111,86417,82
ASA Târgu Mureş,ASA Târgu Mureş,NaN,NaN,NaN,NaN,NaN,NaN,NaN
AZ Alkmaar,AZ Alkmaar,37410033,azalkmaar,AZ,https://m.youtube.com/user/AZTV,2570,32952,145
Aalborg BK,Aalborg BK,538192783,aalborgbk,Aab,,7,422,0
Aarhus GF,Aarhus GF,NaN,NaN,NaN,NaN,NaN,NaN,NaN
Aberdeen FC,Aberdeen FC,307267872,officialaberdeenfc,Aberdeen Football Club,http://www.afc.co.uk,933,24658,50
Adanaspor,Adanaspor,1431876603,adanaspormedya,Adanaspor,http://www.twitter.com/AdanasporFan,631,8121,25
Akhisar Belediyespor,Akhisar Belediyespor,3517369972,akhisar_belediye_spor,,,6,57,4
Alanyaspor,Alanyaspor,3283688705,_alanyaspor,Alanyaspor,,53,4651,7497
Amiens SC,Amiens SC,2252099969,amiensscfootball,Amiens SC,http://www.amiensfootball.com/,270,3922,129
Angers SCO,Angers SCO,55363763,angers_sco,Angers SCO,http://www.angers-sco.fr,148,20293,73
Antalyaspor,Antalyaspor,3312383707,antalyasporphoto,ANTALYASPOR,http://www.antalyaspor.com.tr/,1710,17063,70
Anzhi Makhachkala,Anzhi Makhachkala,860496530,anzhi_makhachkala,ФК «Анжи» Махачкала Страница,http://fc-anji.ru,5,214,323
Arka Gdynia,Arka Gdynia,1543598280,arkagdyniassa,Arka Gdynia SSA,http://www.arka.gdynia.pl,847,15256,68
Arminia Bielefeld,Arminia Bielefeld,469246740,arminiaofficial,DSC Arminia Bielefeld,http://www.arminia.de/,1559,25561,82
Arsenal FC,Arsenal FC,308843529,arsenalfc_official,Arsenal FC,http://www.arsenal.com,1530,233932,30
Arsenal Tula,Arsenal Tula,269915571,pekulov_48,PFC Arsenal Tula ❤️💛,http://vk.com/id296129056,96,7226,568
Ascoli Picchio FC,Ascoli Picchio FC,1420426816,ascolipicchio,Ascoli Picchio FC,http://www.ascolipicchio.com/,1943,10922,384
Asteras Tripolis,Asteras Tripolis,640791980,asterastripolisfc,AsterasTripolisFC Official,http://www.asterastripolis.gr/,2830,6117,152
Aston Villa,Aston Villa,1392032629,avfcofficial,Aston Villa - Official,http://www.avfc.co.uk/,2741,170232,60
Astra Giurgiu,Astra Giurgiu,1490691570,astra.giurgiu,F.C. Astra Giurgiu,http://www.afcastragiurgiu.ro/,25,290,25
Atalanta,Atalanta,372022136,atalantabc,Atalanta B.C.,https://www.atalanta.it/,2495,53895,54
Athletic Bilbao,Athletic Bilbao,396142111,athleticbilbaoinstagram,Athletic Club De Bilbao,,237,43339,7162
Atiker Konyaspor,Atiker Konyaspor,1028599505,konyaspor,Atiker Konyaspor Kulübü,http://www.konyaspor.org.tr,3394,47164,22
Atlético Madrid,Atlético Madrid,220455014,atleticodemadrid,Atlético de Madrid,http://www.atleticodemadrid.com/,5770,3062407,43
Atromitos,Atromitos,1795930174,atromitosathinonfc,Atromitos Athinon FC 🔵,http://www.atromitosfc.gr/,1632,4353,209
Austria Wien,Austria Wien,205362545,fkaustriawien,FK Austria Wien,http://www.fk-austria.at/,1280,15542,172
Ayr United,Ayr United,NaN,NaN,NaN,NaN,NaN,NaN,NaN
BK Häcken,BK Häcken,610195998,bkhackenofcl,BK HÄCKEN,http://www.bkhacken.se/,801,4028,47
Barnsley FC,Barnsley FC,544883845,bfcofficial,Barnsley FC,http://www.barnsleyfc.co.uk,1000,9843,45
Bayer Leverkusen,Bayer Leverkusen,327046939,bayer04fussball,Bayer 04 Leverkusen,http://bit.ly/bayer04snaps,2279,304172,44
Bayern München,Bayern München,1508378702,suedkurvemunchen,Bayern München ❤️,http://www.gegenrassism.us/,1385,19087,692
Benevento Calcio,Benevento Calcio,4322450310,beneventocalcioofficial,Benevento Calcio,http://www.beneventocalcio.club/,156,1860,26
Beşiktaş,Beşiktaş,358954311,besiktas,Beşiktaş JK,http://www.bjk.com.tr/,9875,1250415,51
Birmingham City,Birmingham City,192591317,bcfcofficial,Birmingham City Football Club,http://www.bcfc.com,2320,51363,55
Blackburn Rovers,Blackburn Rovers,50763892,onerovers,Blackburn Rovers,http://www.rovers.co.uk/,1405,21728,186
Boavista,Boavista,3055692893,boavistasc,Boavista Sport Club,http://www.boavistasc.com.br,105,1501,590
Bohemians 1905,Bohemians 1905,289039381,bohemians_praha_1905,Bohemians Praha 1905,http://www.bohemians.cz/,769,3561,148
Bologna FC,Bologna FC,1505985759,bfc1909_official,Bologna Fc 1909,http://www.bolognafc.it/,1331,47179,80
Bor. Mönchengladbach,Bor. Mönchengladbach,2309300490,bor_moenchengladbach.fanp,borussia_mönchengladbach,,15,46,98
Borussia Dortmund,Borussia Dortmund,604588667,bvb09,Borussia Dortmund,https://shop.bvb.de/themen/sale/?utm_campaign=pumasale&p=1&utm_source=instagram&utm_medium=instastories,3184,3837403,72
Brentford FC,Brentford FC,212965328,brentfordfc,Brentford Football Club,http://www.brentfordfc.co.uk/,1179,17158,129
Brescia Calcio,Brescia Calcio,2234782264,brescia_calcio,Brescia Calcio,http://www.bresciacalcio.it/,523,11469,57
Brighton & Hove Albion,Brighton & Hove Albion,226431878,officialbhafc,Brighton & Hove Albion FC,http://www.seagulls.co.uk,1925,32335,1
Bristol City,Bristol City,187991090,bristolcityfc,Bristol City FC,http://www.bcfc.co.uk,183,24202,22
Brøndby IF,Brøndby IF,566076696,brondbyif_official,Brøndby IF,http://brondby.com,2688,43574,43
Budapest Honvéd,Budapest Honvéd,4721679403,bphonvedfcofficial,Budapest Honvéd FC,http://www.honvedfc.hu/,64,357,381
Budapesti Vasas,Budapesti Vasas,294524635,vasassc,Vasas Sc Budapest, Hungary,http://www.vasassc.hu,64,166,396
Burnley FC,Burnley FC,464873896,burnley_fc,Burnley FC,,19,234,51
Bursaspor,Bursaspor,300959340,bursaspor,Bursaspor,http://www.bursaspor.org.tr,1476,65917,0
Burton Albion,Burton Albion,651781214,officialburtonalbion,Official Burton Albion,http://www.burtonalbionfc.co.uk,1312,8319,69
CA Osasuna,CA Osasuna,509342383,caosasuna,CA Osasuna,http://www.osasuna.es/,440,24807,65
CD Alavés,CD Alavés,1450663763,c.d.alaves,cuenta oficial c.d.alaves,,33,47,11
CD Feirense,CD Feirense,1491339916,cdfeirense,Clube Desportivo Feirense,http://www.cdfeirense.pt,695,3815,64
CD Leganés,CD Leganés,NaN,NaN,NaN,NaN,NaN,NaN,NaN
CD Lugo,CD Lugo,2310714147,cdlugo,Club Deportivo Lugo SAD,http://www.cdlugo.com/,892,2708,57
CD Mirandés,CD Mirandés,3556504502,c.d.mirandes,Club Deportivo Mirandés,http://www.cdmirandes.com/,396,2538,42
CD Nacional,CD Nacional,1058370252,cdnacional,Clube Desportivo Nacional,http://www.cdnacional.pt,1339,3815,55
CD Numancia,CD Numancia,3127028164,c.d.numancia,C.D. Numancia,http://www.cdnumancia.com/,243,2285,26
CD Tenerife,CD Tenerife,594060034,cdtoficial,CD Tenerife (Oficial),http://www.clubdeportivotenerife.es,555,23295,72
CD Tondela,CD Tondela,1395004929,cdtondela,CD Tondela,http://www.cdtondela.pt,1718,5845,283
CF Reus Deportiu,CF Reus Deportiu,327516409,cfreusdeportiu,CF Reus,http://www.cfreusdeportiu.com/,4037,6992,162
CFR Cluj,CFR Cluj,1493580892,cfr1907cluj,CFR 1907 Cluj,http://www.cfr1907.ro,19,598,2
CS Marítimo,CS Marítimo,347390399,csmaritimo,csmaritimo,,1,30,0
CS Universitatea Craiova,CS Universitatea Craiova,1740449319,csuniversitateacraiova,CS Universitatea Craiova,http://www.facebook.com/csuniversitateacraiova,3,95,7
CSKA Moskva,CSKA Moskva,310562715,hccska,Хоккейный клуб ЦСКА Москва,http://www.cska-hockey.ru/,3680,57088,132
CSMS Iaşi,CSMS Iaşi,3091075056,csms_iasi,CSMS Iași,http://www.csmsiasi.ro,34,1339,288
Cagliari Calcio,Cagliari Calcio,332490613,cagliaricalcio,Cagliari Calcio,http://cagliaricalcio.com/,2183,103800,29
Cardiff City,Cardiff City,1430820944,cardiffcityfc,CardiffCityFC,http://www.cardiffcityfc.co.uk,747,27504,68
Carpi FC,Carpi FC,3531347906,carpi_fc_official,Carpi F.C. 1909,http://www.carpifc.com,164,1598,1
Celta Vigo,Celta Vigo,533294969,celta_vigo1923,Celta De Vigo,,285,3224,15
Celtic FC,Celtic FC,407422551,celticfc,Celtic FC,http://www.celticfc.net/news/12369,1353,177941,105
Chamois Niortais,Chamois Niortais,1559458923,chamoisniortaisfc,Chamois Niortais FC,http://www.chamoisniortais.fr/,904,5524,116
Chelsea FC,Chelsea FC,244309106,chelseafc,Chelsea FC - Official,http://chelseafc.com/,2989,9035383,61
Chievo Verona,Chievo Verona,21916245,acchievoverona,A.C. ChievoVerona,http://www.chievoverona.tv,2150,26982,65
Cibalia Vinkovci,Cibalia Vinkovci,1210621758,cibaliavinkovci,Cibalia Biljar Klub Vinkovci,,0,80,0
Clermont Foot,Clermont Foot,1991142459,clermontfoot,Clermont Foot 63,http://www.clermontfoot.com,29,4175,71
Club Brugge KV,Club Brugge KV,1455920957,club_bruggefans,Club Brugge K.V.,,207,13070,44
Concordia Chiajna,Concordia Chiajna,4515512709,cs__concordia_chiajna,CS Concordia Chiajna,https://www.csconcordia.ro/,7,165,1209
Cracovia Kraków,Cracovia Kraków,490829908,cracoviakrakow,Cracovia,http://cracovia.pl,13,1067,12
Crystal Palace,Crystal Palace,361302639,cpfc,Crystal Palace Football Club,http://eagles.cpfc.co.uk/,1380,180907,87
Cádiz CF,Cádiz CF,1557283329,cadizclubdefutbol,Cádiz C.F. OFICIAL,http://www.cadizcf.com,641,18709,34
Córdoba CF,Córdoba CF,1545045386,cordobacf_oficial,Córdoba Club de Fútbol SAD,http://www.cordobacf.com/,1241,19678,68
DAC Dunajská Streda,DAC Dunajská Streda,NaN,NaN,NaN,NaN,NaN,NaN,NaN
Debreceni VSC,Debreceni VSC,2440982636,debreceni_vsc,DVSC-Teva Szurkolói Oldal,http://www.dvsc.hu,161,344,77
Deportivo La Coruña,Deportivo La Coruña,1753208541,rcdeportivo,R.C. Deportivo de La Coruña,http://rcdeportivo.es/,1182,62539,3
Derby County,Derby County,2125025944,derby_county_transfers_,Derby County Transfers/Rumours,http://www.strawpoll.me/12717486/r,3359,4817,265
Dijon FCO,Dijon FCO,1918998066,dijonfco,Dijon Fco,,3,111,66
Dinamo Bucureşti,Dinamo Bucureşti,2239194385,fcdinamobucuresti,FC DINAMO BUCUREŞTI,https://m.facebook.com/FCDinamoOfficial,1003,11369,61
Dinamo Zagreb,Dinamo Zagreb,395385257,mladenadedinama,Dinamo Zagreb,https://www.pixsell.hr/,591,1245,165
Diósgyöri VTK,Diósgyöri VTK,NaN,NaN,NaN,NaN,NaN,NaN,NaN
Djurgårdens IF,Djurgårdens IF,1473635177,borstvm,Djurgårdens IF,,508,3519,1
Dumbarton FC,Dumbarton FC,4006399518,officialdumbartonfc,Dumbarton FC,http://www.dumbartonfootballclub.com,57,143,63
Dundee FC,Dundee FC,300059366,dundeefcofficial,Dundee FC,http://www.dundeefc.co.uk,252,6005,65
Dundee United,Dundee United,251253448,dundeeunitedfc,Dundee United,http://www.arabzone.co.uk,879,10517,35
Dunfermline Athletic,Dunfermline Athletic,NaN,NaN,NaN,NaN,NaN,NaN,NaN
Dynamo Dresden,Dynamo Dresden,549161534,sgdynamodresden,SG Dynamo Dresden,http://www.dynamo-dresden.de,753,31811,35
EA Guingamp,EA Guingamp,1959102961,eaguingamp,En Avant de Guingamp Officiel,https://contest-uwm42p.xg1.li,535,17108,78
ESTAC Troyes,ESTAC Troyes,1430200433,estac_troyes,ESTAC Troyes,http://www.estac.fr,1023,12458,137
Eintracht Braunschweig,Eintracht Braunschweig,378365294,eintrachtbraunschweig1895,Eintracht Braunschweig,http://www.eintracht.com/,1511,22699,21
Eintracht Frankfurt,Eintracht Frankfurt,424094009,eintrachtfrankfurt,Eintracht Frankfurt Official,http://www.eintracht.de,3207,96506,37
Elche CF,Elche CF,496823297,elchecfoficial,Elche C.F.,http://www.elchecf.es,478,21339,40
Empoli FC,Empoli FC,1428564054,empoli_fc_official,Empoli Fc Official,http://www.empolifc.com,3357,33031,169
Erzgebirge Aue,Erzgebirge Aue,2100252460,fcerzgebirgeaue,FC Erzgebirge Aue,http://www.fc-erzgebirge.de,810,15663,27
Esbjerg fB,Esbjerg fB,355699519,esbjergfb,Esbjerg FB,http://www.efb.dk,2,736,2
Espanyol Barcelona,Espanyol Barcelona,3561698158,espayol_rcfd_,Espanyol de Barcelona,,3,44,27
Everton FC,Everton FC,1450668916,_evertonfc_,Everton FC,,1328,33414,39
FC Admira Wacker,FC Admira Wacker,3551252932,fcadmirawacker,FC Flyeralarm Admira,http://flyeralarmadmira.at/,82,762,58
FC Arouca,FC Arouca,1938136016,fcarouca_oficial,Futebol Clube de Arouca,http://www.fcarouca.eu,275,3997,37
FC Augsburg,FC Augsburg,1230861604,fcaugsburg1907,FC Augsburg,http://www.fcaugsburg.de/,2422,52002,33
FC Barcelona,FC Barcelona,260375673,fcbarcelona,FC Barcelona,https://www.facebook.com/fcbarcelona,9285,48893351,27
FC Bari 1908,FC Bari 1908,401122878,fcbariofficial,FC Bari 1908,http://www.fcbari1908.com/,1056,30380,77
FC Botoşani,FC Botoşani,2884012147,fcbotosani,FC Botoșani,http://fcbotosani.ro,119,963,90
FC Bourg-Péronnas,FC Bourg-Péronnas,1626972799,fcbpoff,FC Bourg-Péronnas,,0,28,0
FC Crotone,FC Crotone,1652159848,fccrotoneoff,FC Crotone,http://www.fccrotone.it,868,23133,31
FC FASTAV Zlín,FC FASTAV Zlín,2933611720,fcfastavzlin_cz,FC FASTAV Zlín,http://www.fcfastavzlin.cz,324,1317,36
FC Groningen,FC Groningen,1919450594,fcgroningen,FC Groningen,https://www.fcgroningen.nl/,701,16308,75
FC Hradec Králové,FC Hradec Králové,1716375345,fchradec,FC Hradec Králové,http://www.fchk.cz,132,697,47
FC Ingolstadt 04,FC Ingolstadt 04,201884789,dieschanzer,FC Ingolstadt 04 Offiziell,http://www.fci.de,1562,25083,94
FC København,FC København,313458445,fc_kobenhavn,F.C. København,https://goo.gl/vR4rz0,3294,62704,57
FC Lorient,FC Lorient,437821172,fclorient,FC Lorient,http://fclweb.fr,1860,33027,81
FC Metz,FC Metz,365402172,fcmetz,FC Metz,http://www.fcmetz.com,521,23620,145
FC Midtjylland,FC Midtjylland,210950684,fcmidtjylland,FC Midtjylland,http://fcm.dk/,1802,23100,133
FC Nantes,FC Nantes,1249132728,fcnantes,FC Nantes ⚽️,http://www.fcnantes.com/articles/article2809.php?num=18053,1926,61865,57
FC Nordsjælland,FC Nordsjælland,1405315400,fcnordsjaelland,FC Nordsjælland,http://fcn.dk/,1817,7211,54
FC Porto,FC Porto,1005748973,fcporto,FC Porto,http://app.fcporto.pt/,3311,696551,110
FC Schalke 04,FC Schalke 04,456497772,s04,FC Schalke 04,http://store.schalke04.de/,5810,359252,40
FC Sochaux,FC Sochaux,2536995196,fcsm_officiel,FC Sochaux-Montbéliard,http://www.fcsochaux.fr,663,9965,66
FC St. Pauli,FC St. Pauli,506295234,fcstpauli,FC St. Pauli,http://www.fcstpauli.com,2042,71753,64
FC Twente,FC Twente,39883538,fctwente_official,FC Twente,http://www.fctwente.nl/,1660,27990,119
FC Ufa,FC Ufa,1474766603,fc_ufa_official_,ФК УФА/ FC UFA (Ufa, Russia),http://www.fcufa.pro,683,7935,37
FC Utrecht,FC Utrecht,203906669,fc_utrecht,FC Utrecht,http://www.fcutrecht.nl/tickets,2735,24707,185
FC Viitorul Constanța,FC Viitorul Constanța,2408222898,f.c_viitorul_constanta,Official Profile Of FCV,,10,197,24
FC Voluntari,FC Voluntari,2371942044,officialfcvoluntari,FC Voluntari,http://facebook.com/VoluntariFC,139,317,45
FC Zbrojovka Brno,FC Zbrojovka Brno,1714956414,fczbrojovkabrno,FC Zbrojovka Brno,https://www.fczbrno.cz,168,2545,43
FK AS Trenčín,FK AS Trenčín,NaN,NaN,NaN,NaN,NaN,NaN,NaN
FK Amkar Perm,FK Amkar Perm,NaN,NaN,NaN,NaN,NaN,NaN,NaN
FK Dukla Praha,FK Dukla Praha,1284397256,fkduklapraha,FK DUKLA Praha official,http://www.fkdukla.cz,250,1143,22
FK Jablonec,FK Jablonec,1738019203,fkjablonec,FK Jablonec,http://www.fkjablonec.cz,438,2517,110
FK Krasnodar,FK Krasnodar,196912702,fckrasnodar,FC Krasnodar / ФК Краснодар,http://www.fckrasnodar.ru/,2762,70640,608
FK Mladá Boleslav,FK Mladá Boleslav,1721794813,fkmladaboleslav,FK MLADÁ BOLESLAV,http://www.fkmb.cz/,1089,1469,973
FK Rostov,FK Rostov,3079444397,fc.rostov.official,Фк Ростов,http://fc-rostov.ru/,765,16846,0
FK Senica,FK Senica,351546393,fksenica,Fk Senica,http://www.fksenica.eu,19,106,48
FK Teplice,FK Teplice,308012431,fkteplice,FK Teplice,http://www.fkteplice.cz,622,1896,41
FK Tom Tomsk,FK Tom Tomsk,310211473,fctomtomsk,ФК «Томь» Томск,http://fctomtomsk.ru,605,4510,15
FK Ural,FK Ural,NaN,NaN,NaN,NaN,NaN,NaN,NaN
Falkenbergs FF,Falkenbergs FF,392117881,falkenbergs_ff,Falkenbergs FF,http://falkenbergsff.se/detailarticle.aspx?id=860,435,3888,27
Falkirk FC,Falkirk FC,2553667935,_ryancruse,Falkirk FC,,2,793,1700
Fenerbahçe,Fenerbahçe,544022417,fenerbahce,Fenerbahçe SK,http://www.fenerbahce.org,9026,2414147,83
Ferencvárosi TC,Ferencvárosi TC,3724552425,ferencvarositc,,,75,102,58
Feyenoord,Feyenoord,1403490258,feyenoord.rotterdam,Feyenoord Rotterdam,http://Youtube.com/FeyenoordRotterdamTV,2671,169355,41
Fortuna Düsseldorf,Fortuna Düsseldorf,1121218419,f95,Fortuna Düsseldorf Official,http://www.f95.de,1762,29255,43
Frosinone Calcio,Frosinone Calcio,443433446,frosinonecalcio,Frosinone Calcio,http://frosinonecalcio.com/,1273,19640,40
Fulham FC,Fulham FC,29591235,fulhamfc,Fulham Football Club,http://www.fulhamfc.com/tickets/season-tickets,2490,66039,61
GD Chaves,GD Chaves,2160941786,gd_chaves,Grupo Desportivo de Chaves ⚽,http://www.gdchaves.pt/,109,2786,55
GD Estoril,GD Estoril,NaN,NaN,NaN,NaN,NaN,NaN,NaN
GFC Ajaccio,GFC Ajaccio,2225227581,gfc.ajaccio,Gazélec FC Ajaccio,http://www.gfca-foot.com,151,6430,81
GIF Sundsvall,GIF Sundsvall,294852140,gifsundsvall,GIF Sundsvall,https://youtu.be/g1tznAKujVg,440,5314,338
Galatasaray,Galatasaray,301557358,galatasaray,Galatasaray,http://galatasaray.org,10500,3525922,39
Gaz Metan Mediaş,Gaz Metan Mediaş,4646536395,rarescgdbfb,GAZ METAN MEDIAS FAN_ MARE,,15,68,301
Gaziantepspor,Gaziantepspor,606572448,gaziantepsporfan,Gaziantepspor Kulübü,,830,8250,33
Gazovik Orenburg,Gazovik Orenburg,1709328451,fcgazovik2001,ФК "Газовик 2001" (Оренбург) ⚽,http://vk.com/fcgazovik_2001,108,226,72
Gefle IF,Gefle IF,1694319091,gefleiffotboll,Gefle IF Fotboll,https://event.webbiljett.se/geflefotboll/step/chooseEvent_Sorting.aspx,794,3912,41
Genoa CFC,Genoa CFC,1558247293,genoacfcofficial,Genoa CFC,http://www.genoacfc.it,809,69113,27
Gençlerbirliği,Gençlerbirliği,2041922253,genclerbirligisk1923,Gençlerbirliği SK,,1011,5431,24
Getafe CF,Getafe CF,2253505653,getafecf,Getafe C.F.,http://www.getafecf.com,748,13355,42
Gimnàstic,Gimnàstic,425048591,gimnasticpictures,Gimnastic,,38,3614,26
Girona FC,Girona FC,296830063,gironafc,Girona FC,http://fans.gironafc.cat/,1776,20234,203
Girondins Bordeaux,Girondins Bordeaux,3311514803,cedric_carrasso,Fc girondins De bordeaux n*16,,1,195,19
Go Ahead Eagles,Go Ahead Eagles,1358763619,gaeagles,Go Ahead Eagles,http://www.ga-eagles.nl/,537,8063,66
Granada CF,Granada CF,1485747183,granadacf,Granada Club de Fútbol,http://www.granadacf.es,2786,39493,29
Greenock Morton FC,Greenock Morton FC,NaN,NaN,NaN,NaN,NaN,NaN,NaN
Gyirmot SE,Gyirmot SE,NaN,NaN,NaN,NaN,NaN,NaN,NaN
Górnik Łęczna,Górnik Łęczna,1408840694,zielono_czarni,Górnik Łęczna,http://gornik.leczna.pl,139,1072,27
HNK Rijeka,HNK Rijeka,2060368794,hnk.rijeka,HNK RIJEKA,,20,891,803
Hajduk Split,Hajduk Split,5326396072,hajduk_splitt,Hajduk Split,,1,159,28
Hamburger SV,Hamburger SV,235263550,hsv,Hamburger SV,http://www.hsv.de/,2903,144595,60
Hamilton Academical,Hamilton Academical,NaN,NaN,NaN,NaN,NaN,NaN,NaN
Hammarby IF,Hammarby IF,2104814254,forzabajenhammarby,Hammarby IF,,505,4340,0
Hannover 96,Hannover 96,1155405315,hannover96,Hannover 96,http://hannover96.de,1412,56441,34
Heart of Midlothian,Heart of Midlothian,NaN,NaN,NaN,NaN,NaN,NaN,NaN
Hellas Verona,Hellas Verona,190079770,hellasveronafc,Hellas Verona FC,http://hellasverona.it,3260,42484,51
Helsingborgs IF,Helsingborgs IF,246855460,helsingborgsif,Helsingborgs IF,http://bit.ly/HIFBILJETT,1959,12947,93
Heracles Almelo,Heracles Almelo,190184397,heraclesalmelo,Heracles Almelo,https://www.heracles.nl/,1238,7018,131
Hertha BSC,Hertha BSC,609922455,herthabsc,Hertha BSC,http://herthabsc.de/,3804,75071,64
Hibernian FC,Hibernian FC,1708019051,hibernianfootballclub,Hibernian FC,http://www.hibernianfc.co.uk/,278,14582,39
Huddersfield Town,Huddersfield Town,179043855,htafcinstagram,Huddersfield Town,http://www.htafc.com,842,11105,84
Hull City,Hull City,311228789,hullcity,Hull City,http://www.hullcitytigers.com/,1400,81272,48
IF Elfsborg,IF Elfsborg,29823456,ifelfsborg,IF Elfsborg,http://seriebiljett.elfsborg.se/,1367,13587,91
IFK Göteborg,IFK Göteborg,205754648,ifkgoteborg,IFK Göteborg,http://www.ifkgoteborg.se,3127,52426,3
IFK Norrköping,IFK Norrköping,370116337,ifknorrkoping,IFK Norrköping,http://arskort.ifknorrkoping.se,1002,15351,37
Inter,Inter,627042080,inter,F.C. Internazionale Milano,http://www.inter.it/,3824,1416338,38
Inverness CT,Inverness CT,1487422867,inverness.ct,,,3,174,33
Ipswich Town,Ipswich Town,320466125,official_itfc,Ipswich Town FC,http://www.itfc.co.uk/,2549,29915,10
Jagiellonia Białystok,Jagiellonia Białystok,1142303910,jagielloniabialystok,JagielloniaBialystok,http://www.jagiellonia.pl,818,11582,22
Juventus,Juventus,194317179,juventus,Juventus Football Club,http://itstime.juventus.com/,4839,6386534,36
Jönköpings Södra IF,Jönköpings Södra IF,1233308265,jonkopingssodraif,Jönköpings Södra IF,http://www.jonkopingssodra.se,383,4385,50
KAA Gent,KAA Gent,8149279,kaagent,KAA Gent,http://www.kaagent.be/,1346,23380,357
KRC Genk,KRC Genk,260830537,krcgenkofficial,KRC Genk,http://www.krcgenk.be/,233,25797,35
KV Kortrijk,KV Kortrijk,1832068591,kv_kortrijk,KV Kortrijk,http://www.kvk.be,196,2864,75
KV Mechelen,KV Mechelen,237100075,kvmechelen,KV Mechelen,http://www.kvmechelen.be/,496,6593,2375
KV Oostende,KV Oostende,2096966105,kvoostende_official,KV Oostende,http://www.kvo.be,319,3808,74
KVC Westerlo,KVC Westerlo,2111302850,kvcwesterlo,KVC WESTERLO,http://www.kvcwesterlo.be,238,1154,42
Kalmar FF,Kalmar FF,244681492,kalmar_ff,Kalmar FF,http://www.kalmarff.se,1689,6031,63
Karabükspor,Karabükspor,1387577682,kardemirkarabukspor,karabukspor,http://www.kardemirkarabukspor.org.tr,1571,8074,0
Karlsruher SC,Karlsruher SC,1693969286,karlsruhersc,Karlsruher SC,https://www.ksc.de/,394,19735,45
Kasımpaşa SK,Kasımpaşa SK,202814843,kasimpasask,Kasımpaşa Spor Kulübü,http://www.kasimpasa.com.tr,4148,4937,41
Kayserispor,Kayserispor,1704574495,kayserisporfk,Kayserispor,http://www.kayserispor.org.tr/,905,13828,14
Kilmarnock FC,Kilmarnock FC,281028248,kilmarnockfc,KILMARNOCK FOOTBALL CLUB,,2,181,7
Korona Kielce,Korona Kielce,2290776568,koronakielce,Korona Kielce,http://www.korona-kielce.pl/,295,7071,36
Krylia Sovetov,Krylia Sovetov,1089845133,kryliasovetov,,,0,35,128
Latina Calcio,Latina Calcio,1464615074,latina_calcio,,,26,522,332
Lazio Roma,Lazio Roma,3142074063,yallerslazio,Lazio | Roma Yallers,http://pto.it/yallers-travelgram,1008,11214,68
Le Havre AC,Le Havre AC,3238908621,lehavre_ac,LeHavre,,1,19,1
Lech Poznań,Lech Poznań,422988403,lechpoznan1922,Lech Poznań - oficjalny profil,http://www.lechpoznan.pl,838,38750,35
Lechia Gdańsk,Lechia Gdańsk,337086527,lechia_gdansk,Lechia Gdańsk,http://lechia.pl,2044,22413,90
Leeds United,Leeds United,341058049,lufcofficial,Leeds United,http://www.leedsunited.com/,1402,60366,63
Legia Warszawa,Legia Warszawa,290550790,legiawarszawa,Legia Warszawa,http://goo.gl/5pPDHb,2646,109324,79
Leicester City,Leicester City,311256838,lcfc,Leicester City,http://lcfc.com/,2986,1642763,24
Levadiakos,Levadiakos,1578906482,levadiakos_news,levadiakos_news,http://levadiakosnews.wordpress.com/,1748,1319,1488
Levante UD,Levante UD,257110567,levanteud,Levante UD,http://www.levanteud.com,1607,27735,15
Lille OSC,Lille OSC,1968712665,lillefc,LilleOSC,,2,143,0
Liverpool FC,Liverpool FC,187102427,liverpoolfc,Liverpool Football Club,http://ticketek.com.au/lfc,5982,4036854,72
Lokomotiv Moskva,Lokomotiv Moskva,2272045931,fullcontact_ultras,Локомотив Москва,https://vk.com/ultras_fc_lokomotiv_1981,143,747,6
Lokomotiva Zagreb,Lokomotiva Zagreb,2046438325,nklokomotiva,NK Lokomotiva Zagreb,http://www.nklokomotiva.hr,428,1375,62
Lyngby BK,Lyngby BK,190601374,caro4599,Caroline Larsen| Lyngby BK⚽️|,,496,1032,815
MFK Karvina,MFK Karvina,3615605220,mfkkarvina,MFK Karviná,http://www.mfkkarvina.cz,53,281,20
MFK Ružomberok,MFK Ružomberok,NaN,NaN,NaN,NaN,NaN,NaN,NaN
MFK Zemplin Michalovce,MFK Zemplin Michalovce,1634155634,mfk_zemplin_michalovce,MFK Zemplín Michalovce,http://mfkzemplin.sk,25,448,39
MTK Budapest,MTK Budapest,NaN,NaN,NaN,NaN,NaN,NaN,NaN
Malmö FF,Malmö FF,224600493,malmo_ff,Malmö FF,http://www.ticketmaster.se/event/malmo-ff-djurgardens-if-biljetter/438219?brand=se_mff&utm_source=instagram&utm_medium=bio&utm_campaign=EXT_MFF,1282,56409,0
Manchester City,Manchester City,5880761,mancity,Manchester City,http://vote.mancity.com/,4798,4667738,97
Manchester United,Manchester United,491527077,manchesterunited,Manchester United,http://manutd.co/MUTVAPP,6088,17170953,54
Medipol Başakşehir F.K,Medipol Başakşehir F.K,3977175330,medipolbasaksehir,Medipol Başakşehir Fk,,1,86,26
Mezõkövesd-Zsóry,Mezõkövesd-Zsóry,738451949,mezokovesdzsory,Mezőkövesd Zsóry Official,http://mezokovesdzsory.hu,38,386,39
Middlesbrough FC,Middlesbrough FC,NaN,NaN,NaN,NaN,NaN,NaN,NaN
Montpellier HSC,Montpellier HSC,NaN,NaN,NaN,NaN,NaN,NaN,NaN
Moreirense FC,Moreirense FC,3690854135,moreirensefc1938,Moreirense FC 1938,,104,390,60
Motherwell FC,Motherwell FC,179806148,officialmotherwellfc,Motherwell FC,http://www.motherwellfc.co.uk/2017/02/08/new-south-stand-hospitality-packages/,490,6980,293
Málaga CF,Málaga CF,2283262112,malagacf,Malagacf,http://www.malagacf.com/,396,57323,36
MŠK Žilina,MŠK Žilina,1662977336,mskzilina,MŠK Žilina,http://mskzilina.sk,346,4091,44
NEC Nijmegen,NEC Nijmegen,207969638,necnijmegen,N.E.C. Nijmegen,http://www.nec-nijmegen.nl/kaarten,1277,14063,140
NK Inter Zaprešić,NK Inter Zaprešić,3291609128,nkinterzapresic,NK Inter-Zapresic,http://www.inter.hr,176,414,19
NK Istra 1961,NK Istra 1961,1123969229,nkistra1961pula,NK Istra 1961,http://www.nkistra1961.hr,242,1274,38
NK Osijek,NK Osijek,3080121205,nkosijek,NK Osijek,http://nk-osijek.hr/,884,4303,36
Newcastle United,Newcastle United,3307994251,nufc,Newcastle United FC,http://www.nufc.co.uk/,215,56917,22
Norwich City,Norwich City,241239051,norwichcityfc,Norwich City FC,http://www.canaries.co.uk,1367,71649,62
Nottingham Forest,Nottingham Forest,404086284,officialnffc,Nottingham Forest,http://www.nottinghamforest.co.uk,1944,47080,27
Novara Calcio,Novara Calcio,212476548,novaracalcio1908,Novara Calcio 1908,http://www.novaracalcio.com/,5811,7819,80
Nîmes Olympique,Nîmes Olympique,1604369979,nimesolympique,Nîmes Olympique,http://www.nimes-olympique.com/,273,5770,103
OGC Nice,OGC Nice,39498051,ogcnice,OGC Nice,http://ogcn.fr/ZapGym93,1851,84681,83
Odense BK,Odense BK,NaN,NaN,NaN,NaN,NaN,NaN,NaN
Olympiakos Piräus,Olympiakos Piräus,NaN,NaN,NaN,NaN,NaN,NaN,NaN
Olympique Lyon,Olympique Lyon,14668706,ol,Olympique Lyonnais 🔴🔵,http://www.olweb.fr,1750,390301,173
Olympique Marseille,Olympique Marseille,1084735771,olympique.de.marseille,📍OM | Olympique de Marseille,http://www.tropheesunfp.com/,353,58962,67
Os Belenenses,Os Belenenses,1593781349,osbelenenses,Os Belenenses,http://www.osbelenenses.com,1177,4356,794
Osmanlıspor FK,Osmanlıspor FK,1477945394,osmanlispor.f.k,OSMANLISPOR FK,https://www.osmanlispor.com.tr/,4067,8780,108
PAOK Saloniki,PAOK Saloniki,4470623476,paok_saloniki,Paok Saloniki,,2,11,0
PAS Giannina,PAS Giannina,2330100544,pas_gianninafc,PAS Giannina,http://www.pasgiannina.gr/,170,2065,100
PEC Zwolle,PEC Zwolle,1697859293,peczwolle.1910,PEC Zwolle,https://voetbal.iticketsro.com/pec_zwolle/,2115,16460,120
PSV Eindhoven,PSV Eindhoven,508412309,psveindhoven040,PSV Eindhoven,http://www.psv.nl/,1021,7124,129
Paksi SE,Paksi SE,652873475,ratupaksisemarang,Ratu Paksi Semarang,https://www.facebook.com/ratupaksisemarang,7571,19136,2820
Panathinaikos,Panathinaikos,1972756046,fcpanathinaikos,Panathinaikos FC,http://www.pao.gr,195,37096,34
Pandurii Târgu Jiu,Pandurii Târgu Jiu,NaN,NaN,NaN,NaN,NaN,NaN,NaN
Panetolikos,Panetolikos,2056581975,panetolikos,Panetolikos FC / Παναιτωλικός,http://www.panetolikos.gr,319,2091,28
Panionios GSS,Panionios GSS,NaN,NaN,NaN,NaN,NaN,NaN,NaN
Paris Saint-Germain,Paris Saint-Germain,232024162,psg,Paris Saint-Germain,http://www.psg.fr/,3544,7855982,55
Partick Thistle,Partick Thistle,1251246538,partickthistleofficial,Partick Thistle Football Club,http://ptfc.co.uk,284,3204,41
Paços de Ferreira,Paços de Ferreira,4467661242,fcpacosdeferreira,FC Paços de Ferreira,http://www.fcpf.pt/,96,1145,47
Pescara Calcio,Pescara Calcio,1465604573,pescaracalcio1936,Pescara Calcio Official,http://www.pescaracalcio.com,589,26164,50
Piast Gliwice,Piast Gliwice,1500616977,piastgliwicesa,P I A S T    G L I W I C E,http://www.piast-gliwice.eu/,808,4699,53
Platanias Chanion,Platanias Chanion,NaN,NaN,NaN,NaN,NaN,NaN,NaN
Pogoń Szczecin,Pogoń Szczecin,977271929,pogonszczecinsa,Pogoń Szczecin,http://www.pogonszczecin.pl,883,14468,38
Preston North End,Preston North End,925462001,preston_north_end,PRESTON NORTH END,http://www.prestonnorthend.co.uk,8,450,3
Pro Vercelli,Pro Vercelli,2093258654,fcprovercelli1892,F.C. PRO VERCELLI 1892,http://www.fcprovercelli.it/,1353,5413,98
Queen Of The South,Queen Of The South,2315796558,queenonusa,Queen of the South,http://usanet.tv/2oCRubV,225,13110,27
Queens Park Rangers,Queens Park Rangers,234204237,official_qpr,Queens Park Rangers,,2,544,1
RB Leipzig,RB Leipzig,1267262206,dierotenbullen,RB Leipzig - Die Roten Bullen,http://www.dierotenbullen.com/,1037,66758,39
RB Salzburg,RB Salzburg,969967556,rb_salzburg,RB Salzburg4ever,,6,55,18
RC Lens,RC Lens,1903092186,rclens,Racing club de Lens,http://www.rclens.fr/,772,23653,138
RC Strasbourg,RC Strasbourg,508204244,rcsa,RC Strasbourg Alsace,http://www.rcstrasbourgalsace.fr,429,12293,49
RCD Mallorca,RCD Mallorca,1537561467,rcdmallorcaoficial,RCD MALLORCA OFICIAL,https://m.youtube.com/channel/UCZ4KmAXw0xsSbTovdqB736A,387,7714,51
RNK Split,RNK Split,4995285424,rnksplit_official,Radnički nogometni klub Split,http://rnksplit.hr/,13,140,24
RSC Anderlecht,RSC Anderlecht,205920166,rscanderlecht,RSC Anderlecht,http://www.rsca.be,3886,88070,58
Raith Rovers,Raith Rovers,4787131349,raithrovers_fc,Raith Rovers FC,http://www.raithrovers.net/,37,254,90
Randers FC,Randers FC,320442562,randersfc,Randers FC,http://www.randersfc.dk,1597,7399,109
Rangers FC,Rangers FC,263940534,rangersfc,Rangers Football Club,http://rangers.co.uk/,1252,114605,46
Rapid Wien,Rapid Wien,623604516,skrapid1899,SK Rapid Wien,http://www.skrapid.at/,2037,39342,40
Rayo Vallecano,Rayo Vallecano,1613001575,rayo_vallecano_oficial,rayo vallecano oficial,,3,1067,1
Reading FC,Reading FC,390866143,readingfc,Reading FC ⚽,http://www.readingfc.co.uk,2671,33110,56
Real Betis,Real Betis,592204335,realbetisfem,Real Betis Féminas,http://www.realbetisbalompie.es/es/noticias/feminas/,251,9038,54
Real Madrid,Real Madrid,290023231,realmadrid,Real Madrid C.F.,http://facebook.com/realmadrid,1228,47805356,32
Real Oviedo,Real Oviedo,340640046,realoviedo,Real Oviedo,http://www.realoviedo.es,1331,44039,31
Real Sociedad,Real Sociedad,1649662308,realsociedad,Real Sociedad de Fútbol,https://beta.realsociedad.com/,1368,66272,46
Real Valladolid,Real Valladolid,1707440492,realvalladolid,Real Valladolid C.F.,http://www.realvalladolid.es,763,13216,85
Real Zaragoza,Real Zaragoza,3655913497,realzaragoza,Real Zaragoza SAD,http://realzaragoza.com/,222,10801,68
Red Star FC,Red Star FC,321116972,redstarfc,Red Star FC,http://www.redstar.fr/actualites/lire/la-revolte-sans-les-points.html,686,8958,136
Rio Ave FC,Rio Ave FC,1415484925,rioavefc,Rio Ave Fc Oficial,http://www.rioave-fc.pt,503,6017,2
Roda JC Kerkrade,Roda JC Kerkrade,339254572,instarodajc,Roda JC Kerkrade,http://www.rodajc.nl,2025,9403,45
Ross County FC,Ross County FC,355672786,rosscountyfc,rosscountyfc,,5,112,19
Rotherham United,Rotherham United,1296709320,rotherham_united,Rotherham United FC,,243,2941,47
Royal Mouscron-Péruwelz,Royal Mouscron-Péruwelz,NaN,NaN,NaN,NaN,NaN,NaN,NaN
Rubin Kazan,Rubin Kazan,238988928,fcrk,FC Rubin Kazan,https://www.youtube.com/watch?v=Tf12kiFmsxQ,2757,23214,50
Ruch Chorzów,Ruch Chorzów,1473097584,ruch_chorzow,Ruch Chorzow,,125,391,40
SBV Excelsior,SBV Excelsior,NaN,NaN,NaN,NaN,NaN,NaN,NaN
SC Bastia,SC Bastia,1045011976,scbastia,Sporting Club di Bastia,http://www.sc-bastia.corsica/,660,26683,28
SC Freiburg,SC Freiburg,3416687655,scfreiburg,SC Freiburg,http://www.scfreiburg.com/,624,19577,29
SCR Altach,SCR Altach,2225728669,scr_altach,CASHPOINT SCR Altach,http://www.scra.at/,275,1364,51
SD Eibar,SD Eibar,1776612072,sdeibar,SD Eibar,https://youtu.be/uZIgRXeVSZg,2693,27352,72
SD Huesca,SD Huesca,1032014861,sdhuesca,SD Huesca,http://www.sdhuesca.es,1728,9331,59
SKN St. Pölten,SKN St. Pölten,553304086,sknstpoelten,SKN St. Pölten,http://www.skn-stpoelten.at/,110,1197,6
SL Benfica,SL Benfica,1253825823,slbenfica,Sport Lisboa e Benfica Oficial,http://slbpt.tk/tickets,3075,625715,269
SM Caen,SM Caen,1962207914,smcaen,Stade Malherbe Caen,http://www.smcaen.fr,560,22562,53
SPAL 2013 Ferrara,SPAL 2013 Ferrara,NaN,NaN,NaN,NaN,NaN,NaN,NaN
SSC Napoli,SSC Napoli,460993888,officialsscnapoli,SSC Napoli,http://www.sscnapoli.it/,3385,591262,45
SV Darmstadt 98,SV Darmstadt 98,362168468,svdarmstadt98,DARMSTADT!,,339,5017,17
SV Mattersburg,SV Mattersburg,1312746173,svmattersburg,Sv Bauwelt Koch Mattersburg,http://www.svm.at,236,2316,727
SV Ried,SV Ried,1460614571,sv_ried_,Sv Ried,http://www.svried.at/,149,1181,83
SV Sandhausen,SV Sandhausen,1565491287,svs_1916,SV Sandhausen 1916 e.V.,http://www.svs1916.de/,321,3941,18
SV Zulte Waregem,SV Zulte Waregem,646892312,esseveeofficial,SV Zulte Waregem,http://www.essevee.be/,30,998,203
Sampdoria,Sampdoria,449081061,unionecalciosampdoria,U.C. Sampdoria,http://www.sampdoria.it/,697,67884,34
Sassuolo Calcio,Sassuolo Calcio,265407157,sassuolocalcio,U.S. Sassuolo Calcio,http://www.sassuolocalcio.it,1317,73351,28
Sevilla Atlético,Sevilla Atlético,2007174665,sevilla.atletico,🔴⚪Sevilla Atletico⚪🔴,http://sevillafc.es/entradas,482,12421,99
Sevilla FC,Sevilla FC,2916795,sevillafc,Sevilla FC,http://www.sevillafc.es,562,291249,55
Sheffield Wednesday,Sheffield Wednesday,1302807110,swfcofficial,Sheffield Wednesday FC,http://www.swfc.co.uk,2262,40318,87
Silkeborg IF,Silkeborg IF,1056841248,silkeborgif_officiel,Silkeborg IF,http://www.silkeborgif.com/,694,3764,53
Sint-Truidense VV,Sint-Truidense VV,NaN,NaN,NaN,NaN,NaN,NaN,NaN
Skoda Xanthi,Skoda Xanthi,2166236347,skodaxanthi_fc_official,,,2,8,6
Slaven Belupo,Slaven Belupo,NaN,NaN,NaN,NaN,NaN,NaN,NaN
Slavia Praha,Slavia Praha,1162041580,slaviapraha,SK Slavia Praha official,http://www.slavia.cz/,793,12925,45
Slovan Bratislava,Slovan Bratislava,319630691,hcslovan,HC SLOVAN Bratislava,http://www.hcslovan.sk,2374,16303,113
Slovan Liberec,Slovan Liberec,1611271402,fcslovanliberec,FC Slovan Liberec,http://en.fcslovanliberec.cz,517,4038,48
Southampton FC,Southampton FC,215342362,southamptonfc,Southampton FC,http://www.southamptonfc.com,3944,279358,60
SpVgg Greuther Fürth,SpVgg Greuther Fürth,2859988211,kleeblatt_fuerth_official,SpVgg Greuther Fürth,http://www.greuther-fuerth.de,298,3587,17
Sparta Praha,Sparta Praha,427109830,acsparta_cz,AC Sparta Praha,http://www.sparta.cz,3348,45965,193
Sparta Rotterdam,Sparta Rotterdam,514432673,spartarotterdam,Sparta Rotterdam,http://www.sparta-rotterdam.nl,755,11288,263
Spartak Moskva,Spartak Moskva,190250496,fratria,Спартак Москва/ Spartak Moscow,http://fratria.ru/news/2017/04/06/polufinal_konkursa_miss_spartak__2017/,3885,107210,268
Spartak Trnava,Spartak Trnava,2253524253,spartak_sk,Spartak Trnava,http://www.spartak.sk,636,1246,140
Spezia Calcio,Spezia Calcio,261714992,acspezia,Spezia Calcio,http://www.acspezia.com,5394,13273,182
Sporting Braga,Sporting Braga,1207898211,sportingclubedebraga,Sporting Clube de Braga,http://scbraga.pt,1634,29291,125
Sporting CP,Sporting CP,2456509544,sporting_cp_1906,⚽ Sporting Clube De Portugal,,909,10848,427
Sporting Charleroi,Sporting Charleroi,1577189888,sporting_charleroi,Sporting Charleroi,,33,898,27
Sporting Gijón,Sporting Gijón,2951534925,realsporting,Real Sporting de Gijón,http://www.realsporting.com/,198,30840,29
Sporting Lokeren,Sporting Lokeren,NaN,NaN,NaN,NaN,NaN,NaN,NaN
St. Johnstone FC,St. Johnstone FC,573014057,stjohnstonefc,St Johnstone FC,,17,63,6
St. Mirren FC,St. Mirren FC,4099975875,stmirrenfootballclub,St Mirren FC,http://stmirren.com,54,576,9
Stade Brest,Stade Brest,319733881,stadebrestois29,Compte officiel du SB29,http://www.SB29.bzh,860,7442,44
Stade Laval,Stade Laval,1371489406,stadelavallois,Stade Lavallois MFC,http://www.stade-lavallois.com,250,3245,85
Stade Reims,Stade Reims,1928061870,stadedereims,Stade de Reims,http://www.stade-de-reims.com/,312,12754,37
Stade Rennes,Stade Rennes,217949117,staderennaisfc,Stade Rennais F.C.,http://www.staderennais.com,838,45494,61
Standard Liège,Standard Liège,2328076398,standard_rscl,Standard de Liège,http://www.standard.be/,425,23308,103
Steaua Bucureşti,Steaua Bucureşti,1816191198,steauabucurestiofficial,FC Steaua Bucuresti Fan Page,http://www.steauafc.com/ro/,200,62524,29
Stoke City,Stoke City,182972429,stokecity,Stoke City FC,http://www.iamstoke.com/,925,240677,41
Sturm Graz,Sturm Graz,1208198820,sksturm,SK Sturm Graz,http://www.sksturm.at,691,19381,49
Sunderland AFC,Sunderland AFC,272695414,sunderlandafcofficial,Sunderland AFC,https://www.safcstore.com,3440,149595,138
Swansea City,Swansea City,436376966,swansofficial,Swansea City AFC,http://www.swansdirect.com/replica-kit-201617?utm_campaign=SocialSignIn&utm_medium=social&utm_source=Facebook,1241,160118,74
Szombathelyi Haladás,Szombathelyi Haladás,2215267884,szombathelyihaladas,Haladás A bölcsőtől, a sírig..,,31,551,365
SønderjyskE,SønderjyskE,3820846291,sonderjyske_fodbold_fanpage,Sønderjyske Fanpage,https://soenderjyske.dk/fodbold/,9,99,24
TSV 1860 München,TSV 1860 München,977509615,tsv1860,TSV 1860 München,http://www.tsv1860.de/,1196,20041,47
Tatran Prešov,Tatran Prešov,4062760805,_tatranpresov_,HANDBALL TEAM Tatran Prešov,http://tatranpresov.sk/,34,241,42
Terek Grozny,Terek Grozny,314842589,fcterekgrozny,FC "Terek" Grozny,http://fc-terek.ru/,3750,39894,110
Termalica Bruk-Bet Nieciecza,Termalica Bruk-Bet Nieciecza,4613793470,brukbettermalica,Bruk-Bet Termalica Nieciecza,http://www.termalica.brukbet.com/,54,509,15
Ternana Calcio,Ternana Calcio,3596208731,ternanacalcio,Ternana Calcio,http://www.ternanacalcio.com/,28,534,22
Torino FC,Torino FC,950882857,torinofc1906,Torino Football Club,http://www.torinofc.it/,1145,94247,27
Tottenham Hotspur,Tottenham Hotspur,253098573,spursofficial,Tottenham Hotspur,http://spurs.to/DesignProgramme,2711,1098193,46
Toulouse FC,Toulouse FC,207549692,toulousefc,Toulouse Football Club,http://www.tfc.info/,1336,38600,97
Tours FC,Tours FC,2265724334,toursfc,Tours Football Club,http://www.toursfc.fr/,263,5215,57
Trabzonspor,Trabzonspor,621266050,trabzonspor,Trabzonspor,http://www.trabzonspor.org.tr/,6044,176329,19
Trapani Calcio,Trapani Calcio,1974656913,trapanicalcio_official,Trapani Calcio 1905,http://www.trapanicalcio.it,3237,13312,86
UCAM Murcia CF,UCAM Murcia CF,1565826925,ucammurcia_cf,Univ. Católica de Murcia CF,http://www.ucamcf.es,1261,7386,642
UD Almería,UD Almería,1711485537,udalmeria,UD Almería,http://www.udalmeriasad.com,447,19286,32
UD Las Palmas,UD Las Palmas,6486809,udlaspalmasoficial,UD Las Palmas Oficial,http://www.udlaspalmas.es,1372,80334,30
US Avellino,US Avellino,421451319,usavellino,Felice Orabona,,0,94,18
US Orléans,US Orléans,1445257864,us_orleans,US Orléans Loiret Football,http://www.usofoot.com/,380,4257,100
US Palermo,US Palermo,463652621,palermocalcioit,U.S. Città di Palermo,http://www.palermocalcio.it,1385,53641,29
US Salernitana 1919,US Salernitana 1919,1196159960,ussalernitana1919official,U.S. Salernitana 1919,http://ussalernitana1919.it/,1247,18414,22
Udinese Calcio,Udinese Calcio,49891164,udinesecalcio,Udinese Calcio,http://www.udinese.it/,2559,58217,75
Valencia CF,Valencia CF,508065640,valenciacf,Valencia CF,http://valenciacf.com/,5179,307313,42
Valenciennes FC,Valenciennes FC,528820700,vafcofficiel,Valenciennes FC,http://www.va-fc.com,370,7605,76
Veria FC,Veria FC,1256372170,veriafc,Veria F.C.,http://www.veriafc.gr,2586,2501,101
VfB Stuttgart,VfB Stuttgart,191008993,vfb,VfB Stuttgart 1893 e.V.,http://www.vfb.de/impressum,2291,103519,27
VfL Bochum,VfL Bochum,2225261775,vflbochum1848.official,VfL Bochum 1848,http://vfl-bochum.de/,421,14883,30
VfL Wolfsburg,VfL Wolfsburg,1422053831,vfl.wolfsburg,VfL Wolfsburg,https://www.vfl-wolfsburg.de,1735,245384,66
Viborg FF,Viborg FF,459806225,viborgff,Viborg FF - Officiel profil,http://vff.dk,774,5563,42
Vicenza Calcio,Vicenza Calcio,1168940455,vicenzacalcio1902,VicenzaCalcio1902,http://www.vicenzacalcio.com/,2674,18004,39
Videoton FC,Videoton FC,1057907619,vidinstagram,Videoton FC Official,http://vidi.hu/,3115,5577,21
Viktoria Plzeň,Viktoria Plzeň,1236492037,fcviktoria_official,FC Viktoria Plzeň,http://www.fcviktoria.cz/,2227,17935,29
Villarreal CF,Villarreal CF,1698765,villarrealcf,Villarreal CF,http://www.villarrealcf.es/,828,87631,46
Virtus Entella,Virtus Entella,1089902925,virtusentella,Virtus Entella Chiavari,http://www.entella.it/,475,5528,48
Vitesse,Vitesse,248085566,mijnvitesse,Vitesse,http://www.vitesse.nl/,605,9916,100
Vitória Guimarães,Vitória Guimarães,NaN,NaN,NaN,NaN,NaN,NaN,NaN
Vitória Setúbal,Vitória Setúbal,NaN,NaN,NaN,NaN,NaN,NaN,NaN
Vysočina Jihlava,Vysočina Jihlava,1738497439,fcvysocina_official,FC Vysočina Jihlava,http://www.fcvysocina.cz,425,1110,40
Waasland-Beveren,Waasland-Beveren,1342548848,waaslandbeveren.official,Waasland-Beveren,http://www.waasland-beveren.be,1000,3138,74
Watford FC,Watford FC,305373032,watfordfcofficial,Watford FC,https://youtu.be/0MgS2MwkiS0,2004,132762,69
Werder Bremen,Werder Bremen,187682134,werderbremen,SV Werder Bremen,http://www.werder.de/,4781,123179,32
West Bromwich Albion,West Bromwich Albion,553233636,wba,West Bromwich Albion,http://www.wba.co.uk/,1802,126940,123
West Ham United,West Ham United,695302374,westham,West Ham United,http://bit.ly/2osAAhU,3257,366588,69
Wigan Athletic,Wigan Athletic,254001698,laticsofficial,Wigan Athletic,http://www.wiganathletic.com,4612,22688,94
Willem II,Willem II,937562623,official_willemii,Willem II Tilburg,https://youtu.be/5nbaUTTz9l0,1218,10711,107
Wisła Kraków,Wisła Kraków,527906764,wislakrakowsa,Wisła Kraków SA,http://www.wisla.krakow.pl,1115,21888,58
Wisła Płock,Wisła Płock,1498678123,wislaplocksa,Wisła Płock,http://www.wisla-plock.pl/,562,3665,57
Wolfsberger AC,Wolfsberger AC,3996278100,wolfsberger.ac,Wolfsberger AC,https://m.youtube.com/watch?v=6RnOFi1JefA,238,2838,120
Wolverhampton Wanderers,Wolverhampton Wanderers,1576988283,wolverhampton.wanderers,Wolverhampton Wanderers FC,,1,133,9
Würzburger Kickers,Würzburger Kickers,3895972509,wuerzburgerkickers1907,FC Würzburger Kickers,http://www.fwk.de,447,3445,5
Zagłębie Lubin,Zagłębie Lubin,1422987277,zaglebielubin,Zagłębie Lubin,http://www.zaglebie.com,228,3680,33
Zenit St. Petersburg,Zenit St. Petersburg,NaN,NaN,NaN,NaN,NaN,NaN,NaN
Zlate Moravce,Zlate Moravce,4584849238,fcvion,FC ViOn FC ViOn Zlaté Moravce,http://www.fcvion.sk/,0,35,0
sc Heerenveen,sc Heerenveen,1196152279,scheerenveenofficial,sc Heerenveen,http://www.sc-heerenveen.nl/losse-paginas/doelgroepen-onderzoek,996,18625,37
Çaykur Rizespor,Çaykur Rizespor,787798947,crizesporas,Çaykur Rizespor,http://www.caykurrizespor.org.tr,1867,17443,51
Örebro SK,Örebro SK,3028166891,orebrosk_f03,Örebros SK F03,,69,172,37
Östersunds FK,Östersunds FK,368575029,ostersundsfk,Östersunds FK (ÖFK),http://ostersundsfk.se,2,45,0
Újpest FC,Újpest FC,NaN,NaN,NaN,NaN,NaN,NaN,NaN
Śląsk Wrocław,Śląsk Wrocław,3895854633,slaskwroclaw_,slask wroclaw,,21,9,14
ŽP Šport Podbrezová,ŽP Šport Podbrezová,1935083403,_d_o_m_i_n_i_k_m_o_l_c_a_n_14_,⚽FO ŽP Šport Podbrezová U-17⚽,,37,486,372
