team_name,team_tw_name,tw_id,url,created_at,followers,statuses
1. FC Heidenheim 1846,FCH1846,1432271658,http://www.fc-heidenheim.de/,2013-05-16,24993,5627
1. FC Kaiserslautern,Rote_Teufel,54484183,http://www.nur-zusammen.de/,2009-07-07,129429,13533
1. FC Köln,fckoeln,130541498,https://www.fc-koeln.de/start/,2010-04-07,431191,29231
1. FC Nürnberg,NaN,NaN,NaN,NaN,NaN,NaN
1. FC Slovácko,1FCSlovacko,57265741,http://www.fcslovacko.cz/,2009-07-16,1013,1814
1. FC Union Berlin,fcunion,188006776,http://www.fc-union-berlin.de/landing/,2010-09-07,89547,8336
1. FK Příbram,fkpribram,520841048,http://www.fkpribram.cz/,2012-03-10,2576,2991
1. FSV Mainz 05,1FSVMainz05,48323591,http://www.mainz05.de/mainz05/home.html,2009-06-18,152939,9949
1899 Hoffenheim,achtzehn99,61477513,http://www.achtzehn99.de/,2009-07-30,140026,14957
AC Ajaccio,ACAjaccio,161311174,http://www.ac-ajaccio.corsica/,2010-06-30,90674,13826
AC Cesena,ZeEduardo22,185230315,NaN,2010-08-31,12970,2647
AC Horsens,ACHorsensGULE,901615380,http://www.achorsens.dk/,2012-10-24,2190,4643
AC Milan,acmilan,186386857,https://www.acmilan.com/it,2010-09-03,4622158,41459
AC Perugia Calcio,NaN,NaN,NaN,NaN,NaN,NaN
AC Pisa,GiovaniliAcPisa,2980901171,NaN,2015-01-16,714,1875
ACF Fiorentina,acffiorentina,54857969,http://it.violachannel.tv/index.php,2009-07-08,531255,19283
ACS Poli Timişoara,javih89,437597384,NaN,2011-12-15,1840,773
AD Alcorcón,AD_Alcorcon,572112660,http://www.adalcorcon.com/,2012-05-05,57917,31291
ADO Den Haag,ADODenHaag,365973246,http://adodenhaag.nl/,2011-09-01,38822,15299
AE Larisa,Chaco_JA,228037848,NaN,2010-12-18,751,3706
AEK Athen,StepanovicD,601752377,NaN,2012-06-07,950,385
AEP Iraklis FC,NaN,NaN,NaN,NaN,NaN,NaN
AFC Ajax,AFCAjax,153000691,http://www.ajax.nl/,2010-06-07,745710,43869
AFC Bournemouth,afcbournemouth,20880206,http://www.afcb.co.uk/,2009-02-14,268174,46888
AIK Solna,NaN,NaN,NaN,NaN,NaN,NaN
AJ Auxerre,AJA,330537318,http://www.aja.fr/,2011-07-06,45472,17429
AO Kerkyra,AOKerkyraFC,284430285,http://www.aokerkyra.com.gr/,2011-04-19,134,15
AS Cittadella,NaN,NaN,NaN,NaN,NaN,NaN
AS Eupen,AS_Eupen,437543622,https://www.facebook.com/as.eupen.news,2011-12-15,1853,3815
AS Monaco,AS_Monaco,558572709,http://www.asmonaco.com/fr/prehome-348.html,2012-04-20,1399746,40760
AS Nancy,asnlofficiel,539795600,http://www.asnl.net/236/intro,2012-03-29,71349,21382
AS Roma,OfficialASRoma,380570951,http://www.asroma.com/en,2011-09-26,1315193,48871
AS Saint-Étienne,ASSEofficiel,238179126,http://www.asse.fr/fr/Pre-home,2011-01-14,526789,24935
ASA Târgu Mureş,IvanGonzalezL5,938898889,https://www.instagram.com/,2012-11-10,24756,1673
AZ Alkmaar,AZAlkmaar,58893405,https://www.youtube.com/user/AZTV,2009-07-21,54753,40797
Aalborg BK,AalborgBK,58281116,NaN,2009-07-19,1490,165
Aarhus GF,AarhusGF_BR,2540080231,NaN,2014-06-01,36,44
Aberdeen FC,AberdeenFC,340308437,http://www.afc.co.uk/,2011-07-22,75237,23452
Adanaspor,AdanasporResmi,755707404445253634,http://www.adanaspor.com.tr/,2016-07-20,6489,968
Akhisar Belediyespor,AkhisarsporFan,321563743,NaN,2011-06-21,5425,4926
Alanyaspor,Alanyaspor,1136628644,http://www.alanyaspor.org.tr/,2013-01-31,7198,1595
Amiens SC,AmiensSC,333911352,http://www.amiensfootball.com/,2011-07-12,13569,3652
Angers SCO,AngersSCO,318695478,http://www.angers-sco.fr/,2011-06-16,69855,9060
Antalyaspor,Antalyaspor,331758384,http://www.antalyaspor.com.tr/,2011-07-08,105906,4560
Anzhi Makhachkala,AnzhiUK,2166152512,NaN,2013-11-03,303,728
Arka Gdynia,ArkaGdyniaSSA,366537483,http://www.arka.gdynia.pl/,2011-09-02,7398,12719
Arminia Bielefeld,arminia,85852009,http://www.arminia-bielefeld.de/,2009-10-28,59124,19132
Arsenal FC,Arsenal,34613288,http://www.arsenal.com/home,2009-04-23,9681878,71704
Arsenal Tula,ArsenalTulaTV,1327983504,https://m.vk.com/arsenaltv,2013-04-04,228,1035
Ascoli Picchio FC,AscoliPicchio,2611410578,http://www.ascolipicchio.com/,2014-07-08,5100,2172
Asteras Tripolis,tripolisasteras,1234622136,NaN,2013-03-02,8,1
Aston Villa,AVFCOfficial,27489253,https://www.avfc.co.uk/,2009-03-29,945666,49472
Astra Giurgiu,astragiurgiu,3449441003,http://www.afcastragiurgiu.ro/,2015-08-26,378,310
Atalanta,Atalanta_BC,338995273,http://www.atalanta.it/,2011-07-20,224622,21364
Athletic Bilbao,AthleticBilbao,20342284,http://www.elgoldigital.com/category/liga/athletic-club/,2009-02-08,13052,57896
Atiker Konyaspor,konyaspor,957512191,http://konyaspor.org.tr/,2012-11-19,142102,6897
Atlético Madrid,Atleti,199354750,http://www.atleticodemadrid.com/,2010-10-06,2943108,49116
Atromitos,atromitos1923,275441658,http://www.atromitosfc.gr/index.php?lang=gr,2011-04-01,2234,3264
Austria Wien,FKAustriaWien,23290746,http://www.fk-austria.at/de/s/portal/,2009-03-08,13893,19672
Ayr United,AyrUnitedFC,144441459,http://www.ayrunitedfc.co.uk/,2010-05-16,8225,4415
BK Häcken,Egbuchulam11,745396413513752577,NaN,2016-06-21,1228,114
Barnsley FC,bfc_official,115640722,https://www.instagram.com/bfcofficial/,2010-02-19,77201,35022
Bayer Leverkusen,KimoBellarabi,590931184,NaN,2012-05-26,30308,457
Bayern München,info_bayern,1549150208,NaN,2013-06-26,2361,1117
Benevento Calcio,bncalcio,812265993196146688,http://www.beneventocalcio.club/,2016-12-23,979,270
Beşiktaş,Besiktas,259758878,http://www.bjk.com.tr/tr,2011-03-02,2317295,36185
Birmingham City,BCFC,60854650,http://www.bcfc.com/,2009-07-28,194155,49680
Blackburn Rovers,Rovers,20436307,http://www.rovers.co.uk/,2009-02-09,159442,47511
Boavista,boavistaoficial,44725405,http://www.boavistafc.pt/pt/go/homepage,2009-06-04,18511,1178
Bohemians 1905,bohemians1905GB,2442377249,http://www.bohemians1905.co.uk/,2014-03-28,229,2860
Bologna FC,BfcOfficialPage,634434718,NaN,2012-07-13,127781,8331
Bor. Mönchengladbach,NaN,NaN,NaN,NaN,NaN,NaN
Borussia Dortmund,BVB,165699676,http://www.bvb.de/,2010-07-12,2658333,62513
Brentford FC,BrentfordFC,103036163,http://www.brentfordfc.co.uk/,2010-01-08,73613,47544
Brescia Calcio,BresciaOfficial,632030795,http://www.bresciacalcio.it/,2012-07-10,14028,5489
Brighton & Hove Albion,OfficialBHAFC,57606154,http://www.seagulls.co.uk/,2009-07-17,119859,41970
Bristol City,bcfctweets,104167025,http://www.bcfc.co.uk/,2010-01-12,102748,38239
Brøndby IF,BrondbyIF,27618169,http://brondby.com/,2009-03-30,24844,12212
Budapest Honvéd,bphonved,252527629,http://www.honvedfc.hu/,2011-02-15,1391,4315
Budapesti Vasas,NaN,NaN,NaN,NaN,NaN,NaN
Burnley FC,BurnleyOfficial,441309926,http://www.burnleyfootballclub.com/,2011-12-19,242634,55716
Bursaspor,BursasporSk,208957122,https://www.bursaspor.org.tr/,2010-10-28,385501,12265
Burton Albion,burtonalbionfc,41101699,http://www.burtonalbionfc.co.uk/,2009-05-19,54664,25393
CA Osasuna,Osasuna1920,71768539,NaN,2009-09-05,5404,13940
CD Alavés,NaN,NaN,NaN,NaN,NaN,NaN
CD Feirense,CDFeirense1918,2611733504,NaN,2014-07-08,448,0
CD Leganés,iagoherrerin13,335808607,NaN,2011-07-15,33643,3676
CD Lugo,David_Lopez_7,291266598,NaN,2011-05-01,51419,2953
CD Mirandés,CDMirandes,179157105,http://www.cdmirandes.com/,2010-08-16,53510,20459
CD Nacional,CDNacionalPeru,2172985224,NaN,2013-11-03,2,0
CD Numancia,kike_sola,279645924,NaN,2011-04-09,63054,3098
CD Tenerife,CDTOficial,608154553,http://www.clubdeportivotenerife.es/,2012-06-14,111012,34705
CD Tondela,CDTondela1933,619222298,http://www.cdtondela.pt/,2012-06-26,5628,4082
CF Reus Deportiu,angelmarort,387840862,NaN,2011-10-09,1209,2274
CFR Cluj,CFR_1907_Cluj,382078264,http://cfr1907.ro/,2011-09-29,1772,448
CS Marítimo,MaritimoMadeira,3395758462,http://csmaritimo.org.pt/,2015-07-30,3020,1294
CS Universitatea Craiova,NaN,NaN,NaN,NaN,NaN,NaN
CSKA Moskva,Moskva_Support,2429494465,http://cska.ru/,2014-04-05,30,8
CSMS Iaşi,NaN,NaN,NaN,NaN,NaN,NaN
Cagliari Calcio,CagliariCalcio,712132014,http://www.cagliaricalcio.com/,2012-07-23,233549,13615
Cardiff City,CardiffCityFC,40852753,http://www.cardiffcityfc.co.uk/,2009-05-18,211402,41714
Carpi FC,CarpiFC_BRA,3221465410,NaN,2015-04-29,297,837
Celta Vigo,GiuseppeRossi22,62352806,NaN,2009-08-02,948494,13571
Celtic FC,FoundationCFC,631078417,NaN,2012-07-09,20741,3582
Chamois Niortais,CNFC_Officiel,1098866340,http://www.chamoisniortais.fr/,2013-01-17,26606,20690
Chelsea FC,ChelseaFC,22910295,http://www.chelseafc.com/,2009-03-05,8430778,68664
Chievo Verona,jdeguz,25429906,http://www.jonathandeguzman.com/,2009-03-20,136739,4117
Cibalia Vinkovci,HNK_CIBALIA,233170924,http://hnk-cibalia.hr/,2011-01-02,240,91
Clermont Foot,ClermontFoot,50592815,http://www.clermontfoot.com/,2009-06-25,39784,4495
Club Brugge KV,ClubBrugge,14233933,http://clubbrugge.be/nl/,2008-03-27,102628,17617
Concordia Chiajna,NaN,NaN,NaN,NaN,NaN,NaN
Cracovia Kraków,MaciejCzupryna,170350767,NaN,2010-07-24,54,2431
Crystal Palace,CPFC,85307509,http://www.cpfc.co.uk/,2009-10-26,496948,59279
Cádiz CF,Cadiz_CF,39945056,http://www.cadizcf.com/,2009-05-14,75813,16358
Córdoba CF,cordobacfsad,218531242,http://www.cordobacf.com/,2010-11-22,191836,23264
DAC Dunajská Streda,NaN,NaN,NaN,NaN,NaN,NaN
Debreceni VSC,debreceni,71348418,NaN,2009-09-03,494,4508
Deportivo La Coruña,CelsoBorgesCR,622063417,NaN,2012-06-29,378247,2653
Derby County,dcfcofficial,159041674,http://www.dcfc.co.uk/,2010-06-24,174872,86238
Dijon FCO,DFCO_Officiel,84288520,http://www.dfco.fr/,2009-10-22,61665,20164
Dinamo Bucureşti,FCDinamoEN,31457201,NaN,2009-04-15,536,1132
Dinamo Zagreb,gnkdinamo,224965118,https://www.gnkdinamo.hr//,2010-12-10,47789,12313
Diósgyöri VTK,Diosgyori1910vt,2462392563,NaN,2014-04-05,11,8
Djurgårdens IF,Djurgardens_IF,80677095,https://www.facebook.com/Djurgarden,2009-10-07,10514,9304
Dumbarton FC,Dumbartonfc,65352971,http://www.dumbartonfootballclub.com/,2009-08-13,7775,20587
Dundee FC,dundeefconline,33013034,http://dundeefc.co.uk/,2009-04-18,33693,22453
Dundee United,dundeeunitedfc,23579243,http://dufc.co/,2009-03-10,42102,19636
Dunfermline Athletic,officialdafc,72582858,http://www.dafc.co.uk/,2009-09-08,14898,22414
Dynamo Dresden,DynamoDresden,15134795,http://www.dynamo-dresden.de/aktuelles.html,2008-06-16,72897,14413
EA Guingamp,LemaitreReynald,3394382806,NaN,2015-07-29,1470,548
ESTAC Troyes,estac_officiel,114710148,http://www.estac.fr/newsite/prehome.htm,2010-02-16,57991,16273
Eintracht Braunschweig,EintrachtBSNews,227624330,http://www.eintracht.com/wir-sind-eintracht/,2010-12-17,89349,13025
Eintracht Frankfurt,Eintracht,120127817,http://www.eintracht.de/,2010-03-05,309141,22084
Elche CF,ElcheIrishFans,1042488936,NaN,2012-12-28,832,4106
Empoli FC,EmpoliCalcio,2650674570,http://www.empolifc.com/,2014-07-16,102229,11168
Erzgebirge Aue,FCErzgebirgeAue,157596804,http://www.fc-erzgebirge.de/startseite/,2010-06-20,41988,6874
Esbjerg fB,bold_efb,124450584,http://www.bold.dk/fodbold/danmark/superliga-nedrykning-gruppe-1/esbjerg-fb/,2010-03-19,862,3473
Espanyol Barcelona,Espanyolbar,3151110470,NaN,2015-04-12,74,16
Everton FC,Everton,15891449,http://www.evertonfc.com/home,2008-08-18,1092738,75279
FC Admira Wacker,FCAdmiraWacker,754992216427360258,NaN,2016-07-18,652,801
FC Arouca,ivan_balliu,413295955,http://www.gorgeous-store.com/es/,2011-11-15,44470,561
FC Augsburg,FCAugsburg,425850229,http://www.fcaugsburg.de/,2011-12-01,164150,17294
FC Barcelona,FCBarcelona,96951800,https://www.fcbarcelona.com/,2009-12-15,20842696,86068
FC Bari 1908,fcb1908,1565314788,https://fcbari1908.com/,2013-07-03,19199,4579
FC Botoşani,fcbotosani,65797762,NaN,2009-08-15,232,26
FC Bourg-Péronnas,NaN,NaN,NaN,NaN,NaN,NaN
FC Crotone,FcCrotoneOff,2754914498,http://www.fccrotone.it/,2014-08-22,13334,7021
FC FASTAV Zlín,footballzlin,389990639,http://www.fcfastavzlin.cz/,2011-10-13,1255,3476
FC Groningen,fcgroningen,14921134,https://www.fcgroningen.nl/,2008-05-27,63500,23469
FC Hradec Králové,FCHradec,494982923,http://www.fchk.cz/,2012-02-17,2294,1030
FC Ingolstadt 04,Schanzer,86272639,http://www.fcingolstadt.de/home/,2009-10-30,61137,16168
FC København,fc_kobenhavn,2662153273,http://fc-kobenhavn.ru/,2014-07-20,6,61
FC Lorient,FCLorient,338891581,https://fclweb.fr/,2011-07-20,204974,21149
FC Metz,FCMetz,596230054,http://www.fcmetz.com/,2012-06-01,109190,18973
FC Midtjylland,fcmidtjylland,1134194520,http://www.fcm.dk/,2013-01-30,11019,6761
FC Nantes,FCNantes,804263442,http://www.fcnantes.com/,2012-09-05,349458,13711
FC Nordsjælland,NaN,NaN,NaN,NaN,NaN,NaN
FC Porto,FCPorto,21390674,http://www.fcporto.pt/pt/Pages/fc-porto.aspx,2009-02-20,855953,34108
FC Schalke 04,s04,296163037,http://www.schalke04.de/vs/de/index.html,2011-05-10,524999,38604
FC Sochaux,FF_FCSM,232185337,NaN,2010-12-30,3341,1404
FC St. Pauli,fcstpauli,1086529322,https://www.fcstpauli.com/,2013-01-13,167179,23807
FC Twente,fctwente,74974940,http://www.fctwente.nl/,2009-09-17,110949,28982
FC Ufa,SlavaKrotov,412851442,NaN,2011-11-15,8870,2581
FC Utrecht,fcutrecht,19496630,https://www.fcutrecht.nl/,2009-01-25,50928,21441
FC Viitorul Constanța,NaN,NaN,NaN,NaN,NaN,NaN
FC Voluntari,NaN,NaN,NaN,NaN,NaN,NaN
FC Zbrojovka Brno,FCZbrojovkaBrno,740098668,http://www.fczbrno.cz/,2012-08-06,3281,4471
FK AS Trenčín,AS_Trencin_FR,3946607896,NaN,2015-10-13,148,318
FK Amkar Perm,NaN,NaN,NaN,NaN,NaN,NaN
FK Dukla Praha,FKDuklaPraha,712758288,http://www.fkdukla.cz/,2012-07-23,3348,3746
FK Jablonec,FKJablonec,1225167247,http://www.fkjablonec.cz/,2013-02-27,2983,6183
FK Krasnodar,FKKFrance,3489558323,NaN,2015-08-30,505,7009
FK Mladá Boleslav,fkmladaboleslav,612412295,http://www.fkmb.cz/,2012-06-19,3182,3726
FK Rostov,FK_ROSTOV,1943450053,NaN,2013-10-07,3,0
FK Senica,FKSenica,429037813,NaN,2011-12-05,649,3451
FK Teplice,FK_Teplice,399411983,http://www.fkteplice.cz/,2011-10-27,3195,3104
FK Tom Tomsk,NaN,NaN,NaN,NaN,NaN,NaN
FK Ural,FK_Ural_FR,842429578744369152,NaN,2017-03-16,32,69
Falkenbergs FF,FFF_Live,618402871,http://www.falkenbergsff.se/,2012-06-25,2209,2644
Falkirk FC,falkirkbairns,98413343,http://www.falkirkfc.co.uk/,2009-12-21,17179,23980
Fenerbahçe,Fenerbahce,11525172,http://www.fenerbahce.org/,2007-12-26,5594471,45278
Ferencvárosi TC,Fradi_HU,1154095495,http://www.fradi.hu/,2013-02-06,3472,11048
Feyenoord,Feyenoord,76618798,https://www.feyenoord.nl/,2009-09-23,354724,25728
Fortuna Düsseldorf,KianzFroese,550318840,NaN,2012-04-10,1396,909
Frosinone Calcio,Frosinone1928,962626411,http://www.frosinonecalcio.com/,2012-11-21,27305,8901
Fulham FC,FulhamFC,22903812,http://www.fulhamfc.com/,2009-03-05,336140,37000
GD Chaves,jasonrego3,3283488241,http://roguesfutbol.com/,2015-07-18,329,3651
GD Estoril,NaN,NaN,NaN,NaN,NaN,NaN
GFC Ajaccio,gfc_ajaccio,608486648,http://www.gfca-foot.com/,2012-06-14,31372,3946
GIF Sundsvall,GIFSundsvall,82075280,http://gifsundsvall.se/,2009-10-13,4507,6819
Galatasaray,Galatasaray,2279528208,http://www.galatasaray.org/anasayfa,2014-01-06,214590,10594
Gaz Metan Mediaş,Gazistul,111845555,http://gazistul.ro/cgi-sys/suspendedpage.cgi,2010-02-06,465,778
Gaziantepspor,GaziantepsporSK,264113822,http://www.gaziantepspor.org.tr/,2011-03-11,93245,6064
Gazovik Orenburg,NaN,NaN,NaN,NaN,NaN,NaN
Gefle IF,DenizHummet,2929731645,NaN,2014-12-18,724,174
Genoa CFC,GenoaCFC,319086477,http://genoacfc.it/,2011-06-17,258686,22662
Gençlerbirliği,kirmizikara,708832843,http://www.genclerbirligi.org.tr/,2012-07-21,28630,16978
Getafe CF,GetafeCF,3511605017,http://www.getafecf.com/,2015-09-01,25867,8062
Gimnàstic,NASTICTARRAGONA,79501309,http://www.gimnasticdetarragona.cat/,2009-10-03,51739,28593
Girona FC,GironaFC,198141246,http://www.gironafc.cat/,2010-10-03,129681,22367
Girondins Bordeaux,paulberni,310453139,NaN,2011-06-03,4381,1589
Go Ahead Eagles,GAEagles,329549462,NaN,2011-07-05,21268,10838
Granada CF,GranadaCdeF,188263011,http://www.granadacf.es/,2010-09-08,299823,27434
Greenock Morton FC,boag22,2570869053,NaN,2014-05-29,1629,2732
Gyirmot SE,NaN,NaN,NaN,NaN,NaN,NaN
Górnik Łęczna,zielono_czarni,2544084290,http://www.gornik.leczna.pl/,2014-06-03,6577,3456
HNK Rijeka,FanShopHNKR,478881257,https://www.fanshop-rijeka.com/,2012-01-30,329,167
Hajduk Split,hajduk,90366224,NaN,2009-11-16,73579,33225
Hamburger SV,HSV,174160697,https://www.hsv.de/uebersicht/,2010-08-03,487590,21257
Hamilton Academical,acciesfc,329606884,http://www.hamiltonacciesfc.co.uk/,2011-07-05,16903,52801
Hammarby IF,HammarbyBoxning,2222144600,NaN,2013-11-29,152,96
Hannover 96,Hannover96,47950655,https://www.hannover96.de/impressum.html,2009-06-17,235847,18809
Heart of Midlothian,JamTarts,19295590,http://www.heartsfc.co.uk/,2009-01-21,62598,39335
Hellas Verona,HellasVeronaFC,546103238,NaN,2012-04-05,225805,14511
Helsingborgs IF,HelsingborgsIF,91072989,http://www.hif.se/,2009-11-19,7379,15636
Heracles Almelo,HeraclesAlmelo,255411185,http://www.Heracles.nl/,2011-02-21,19363,17530
Hertha BSC,HerthaBSC,105085224,http://www.herthabsc.de/,2010-01-15,246715,28199
Hibernian FC,HibsOfficial,419507602,http://www.hibernianfc.co.uk/,2011-11-23,57791,32949
Huddersfield Town,htafcdotcom,116754180,http://www.htafc.com/,2010-02-23,85036,92832
Hull City,HullCity,104450912,http://www.hullcitytigers.com/,2010-01-13,350519,52001
IF Elfsborg,IFElfsborg1904,404009988,http://elfsborg.se/,2011-11-03,6645,8200
IFK Göteborg,ifk_goteborg,4396621054,NaN,2015-12-06,1,2
IFK Norrköping,NaN,NaN,NaN,NaN,NaN,NaN
Inter,Inter,124450567,http://www.inter.it/en/hp,2010-03-19,1222287,66968
Inverness CT,InvernessCTNews,385131694,NaN,2011-10-04,1979,2044
Ipswich Town,Official_ITFC,356175998,http://www.itfc.co.uk/,2011-08-16,96425,26878
Jagiellonia Białystok,AgaaJagaa,704024455325065216,NaN,2016-02-28,1859,939
Juventus,juventusfc,253508662,http://www.juventus.com/it/,2011-02-17,4219101,54602
Jönköpings Södra IF,NaN,NaN,NaN,NaN,NaN,NaN
KAA Gent,KAAGent,298020052,http://www.kaagent.be/nl,2011-05-13,47954,24319
KRC Genk,KRCGenkofficial,91402003,http://www.krcgenk.be/,2009-11-20,31623,12283
KV Kortrijk,kvkofficieel,581721936,http://kvk.be/,2012-05-16,12360,13131
KV Mechelen,kvmechelen,19635601,http://www.kvmechelen.be/,2009-01-28,14970,6151
KV Oostende,kvoostende,1306812572,http://www.kvo.be/,2013-03-27,14887,7280
KVC Westerlo,KVCWesterlo,113925330,https://www.kvcwesterlo.be/,2010-02-13,6009,4546
Kalmar FF,KalmarFF,307436048,http://www.kalmarff.se/,2011-05-29,4486,6913
Karabükspor,k_karabukspor,1683973639,http://www.kardemirkarabukspor.org.tr/,2013-08-19,8468,3501
Karlsruher SC,KarlsruherSC,89008167,https://www.ksc.de/,2009-11-10,70314,10566
Kasımpaşa SK,kasimpasa,804434408,http://www.kasimpasa.com.tr/,2012-09-05,12520,6354
Kayserispor,KayserisporFK,1944931044,http://kayserispor.org.tr/,2013-10-07,29893,2483
Kilmarnock FC,OfficialKillie,701239488,http://www.kilmarnockfc.co.uk/,2012-07-17,22405,15875
Korona Kielce,Korona_Kielce,914203164,http://www.korona-kielce.pl/,2012-10-30,10127,5252
Krylia Sovetov,giannibruno9,2409154454,NaN,2014-03-24,6099,1062
Latina Calcio,UsLatinaCalcio,430632208,http://www.uslatinacalcio.it/,2011-12-07,12975,4489
Lazio Roma,FootballBelgium,140485385,NaN,2010-05-05,668,1295
Le Havre AC,LeHavreAC,355673585,NaN,2011-08-15,28,0
Lech Poznań,lechpoznan,370562686,http://www.lechpoznan.pl/,2011-09-09,89733,12841
Lechia Gdańsk,LechiaGdanskSA,481937059,http://lechia.pl/,2012-02-03,17152,11484
Leeds United,LUFC,1024095475,https://www.leedsunited.com/,2012-12-20,270866,28943
Legia Warszawa,LegiaWarszawa,55007258,http://legia.com/,2009-07-08,205764,42306
Leicester City,LCFC,122392884,http://www.lcfc.com/,2010-03-12,966762,37201
Levadiakos,Levadiakos_FC,742273012821561344,http://www.levadiakosfc.gr/,2016-06-13,65,0
Levante UD,LevanteUD,34743419,http://www.levanteud.com/es/,2009-04-23,276187,48815
Lille OSC,losclive,288804720,http://www.losc.fr/,2011-04-27,518196,33373
Liverpool FC,LFC,19583545,http://www.liverpoolfc.com/,2009-01-27,7203239,61931
Lokomotiv Moskva,LokomotivMoskva,226844968,NaN,2010-12-15,9,66
Lokomotiva Zagreb,RK_LokomotivaZG,1432572030,http://www.rklokomotiva.hr/,2013-05-16,323,528
Lyngby BK,olufsphere,10652192,NaN,2007-11-27,698,20730
MFK Karvina,NaN,NaN,NaN,NaN,NaN,NaN
MFK Ružomberok,MFK_Ruzomberok,2416577246,http://www.mfkruzomberok.sk/,2014-03-28,377,2368
MFK Zemplin Michalovce,Toni33Garcia,293046596,NaN,2011-05-04,1056,2466
MTK Budapest,IstvanBeregi,462179508,https://thetacticalanalyst.wordpress.com/,2012-01-12,10683,6413
Malmö FF,Malmo_FF,106721780,http://www.mff.se/,2010-01-20,49070,19631
Manchester City,ManCity,14573900,https://www.mancity.com/,2008-04-28,4207542,100317
Manchester United,ManUtd,558797310,http://www.manutd.com/,2012-04-20,10850894,35733
Medipol Başakşehir F.K,NaN,NaN,NaN,NaN,NaN,NaN
Mezõkövesd-Zsóry,MezokovesdZsory,1702132070,http://mezokovesdzsory.hu/,2013-08-26,254,1194
Middlesbrough FC,Boro,370631455,http://www.mfc.co.uk/,2011-09-09,217902,40089
Montpellier HSC,FF_MHSC,232150055,NaN,2010-12-30,4086,1793
Moreirense FC,MoreirenseFC38,596903657,NaN,2012-06-01,2470,3713
Motherwell FC,MotherwellFC,27919401,http://www.motherwellfc.co.uk/,2009-03-31,27492,38834
Málaga CF,MalagaCF,48961075,http://www.malagacf.com/,2009-06-20,572202,35324
MŠK Žilina,mskzilina,55372063,http://www.mskzilina.sk/,2009-07-09,986,911
NEC Nijmegen,NEC_Nijmegen,36011363,NaN,2009-04-28,36655,29066
NK Inter Zaprešić,nkinterzapresic,3368651067,http://www.inter.hr/,2015-07-10,460,519
NK Istra 1961,NKIstra1961Pula,2148767624,http://www.nkistra1961.hr/hr/,2013-10-22,755,2824
NK Osijek,buljubasict,19761787,https://7innovation.net/,2009-01-30,648,2799
Newcastle United,NUFC,35758259,NaN,2009-04-27,1019214,44080
Norwich City,NorwichCityFC,187572312,http://www.canaries.co.uk/,2010-09-06,473230,54084
Nottingham Forest,NFFC,39754653,http://www.nottinghamforest.co.uk/,2009-05-13,219044,22972
Novara Calcio,NovaraChannel,604785244,http://www.novaracalcio.com/,2012-06-10,9234,36252
Nîmes Olympique,nimesolympique,81313583,http://www.nimes-olympique.com/,2009-10-10,36109,13648
OGC Nice,ogcnice,329683737,http://www.ogcnice.com/fr/,2011-07-05,258379,21541
Odense BK,NaN,NaN,NaN,NaN,NaN,NaN
Olympiakos Piräus,NaN,NaN,NaN,NaN,NaN,NaN
Olympique Lyon,OlympiqueLyon_,1516495892,NaN,2013-06-14,5252,5615
Olympique Marseille,OM_Officiel,40448264,https://www.om.net/,2009-05-16,1953667,74274
Os Belenenses,CFosBelenenses,163138175,http://www.osbelenenses.com/,2010-07-05,16830,7634
Osmanlıspor FK,OSMANLISPOR_FK,597409881,https://www.facebook.com/pages/Osmanlispor/1432898313658769,2012-06-02,24107,2223
PAOK Saloniki,1962Paok,3143215401,NaN,2015-04-07,3,0
PAS Giannina,PASGianninaFC,784540998,http://www.pasgiannina.gr/,2012-08-27,1616,931
PEC Zwolle,PECZwolle,317792090,http://www.peczwolle.nl/,2011-06-15,48941,20233
PSV Eindhoven,PSV,140414719,http://www.psv.nl/,2010-05-05,347251,36701
Paksi SE,NaN,NaN,NaN,NaN,NaN,NaN
Panathinaikos,paobcgr,279100391,http://www.paobc.gr/page.ashx?pid=1,2011-04-08,44201,27956
Pandurii Târgu Jiu,panduriics,2281168446,http://www.panduriics.ro/,2014-01-07,373,3346
Panetolikos,FC_Panetolikos,3301485340,http://www.panetolikos.gr/,2015-05-28,474,1098
Panionios GSS,IPolimos2,2189043725,NaN,2013-11-20,711,229
Paris Saint-Germain,PSG_inside,38164846,http://www.psg.fr/en/Pre-home/001001/Pre-Home,2009-05-06,4436831,41567
Partick Thistle,ThistleTweet,205333140,https://ptfc.co.uk/,2010-10-20,19174,26750
Paços de Ferreira,fcpf,39867990,http://www.fcpf.pt/,2009-05-13,7983,4865
Pescara Calcio,PescaraCalcio,482317995,NaN,2012-02-03,45281,6033
Piast Gliwice,PiastGliwiceSA,1474757335,http://www.piast-gliwice.eu/,2013-06-01,8558,4488
Platanias Chanion,NaN,NaN,NaN,NaN,NaN,NaN
Pogoń Szczecin,PogonSzczecin,249576782,http://pogonszczecin.pl/,2011-02-09,13433,13412
Preston North End,pnefc,17191889,http://www.pne.com/,2008-11-05,70328,36130
Pro Vercelli,ProVercelli1892,633814316,http://www.fcprovercelli.it/,2012-07-12,12122,28172
Queen Of The South,OfficialQosFC,161325002,NaN,2010-06-30,10093,15954
Queens Park Rangers,QPR_FC,225332259,http://www.qpr.co.uk/,2010-12-11,4863,4743
RB Leipzig,DieRotenBullen,324992991,http://www.DieRotenBullen.com/,2011-06-27,96660,40530
RB Salzburg,ReneMaric,593071659,http://spielverlagerung.de/author/rm/,2012-05-28,13046,15181
RC Lens,karimhafez23,4800357494,http://www.rclens.fr/site/club_equipe/2016/hafez_karim/index.php#ancreContenu,2016-01-22,11548,397
RC Strasbourg,RCSA,627377507,http://www.rcstrasbourgalsace.fr/,2012-07-05,67571,16923
RCD Mallorca,RCD_Mallorca,234298046,http://www.rcdmallorca.es/,2011-01-05,170494,19307
RNK Split,NaN,NaN,NaN,NaN,NaN,NaN
RSC Anderlecht,rscanderlecht,71287752,http://www.rsca.be/nl,2009-09-03,108960,24829
Raith Rovers,RaithRovers_FC,499748402,http://www.raithrovers.net/,2012-02-22,13219,6032
Randers FC,eb_randersfc,58449002,http://ekstrabladet.dk/sport/fodbold/dansk_fodbold/superligaen/randers_fc/,2009-07-20,733,984
Rangers FC,RangersFC,351838853,http://www.rangers.talent-sport.co.uk/PagesPublic/Login/Login.aspx?ReturnUrl=%2fRedirect%2fTicketingGateway.aspx%3fpage%3dhome.aspx%26function%3dAddSeasonTicketRenewalsToBasket,2011-08-09,325338,52005
Rapid Wien,skrapid,418504753,http://www.skrapid.at/,2011-11-22,18269,27645
Rayo Vallecano,RVMOficial,498012129,http://www.rayovallecano.es/,2012-02-20,335996,26365
Reading FC,ReadingFC,147919630,http://www.readingfc.co.uk/,2010-05-25,240135,78527
Real Betis,RealBetis,296756458,http://www.realbetisbalompie.es/es/,2011-05-11,447450,53222
Real Madrid,realmadrid,14872237,http://www.realmadrid.com/,2008-05-22,22963398,56236
Real Oviedo,RealOviedo,263843269,http://www.realoviedo.es/,2011-03-10,182785,31456
Real Sociedad,RealSociedadEN,2696177462,https://beta.realsociedad.com/,2014-07-31,14351,3139
Real Valladolid,realvalladolid,42411789,NaN,2009-05-25,219534,26860
Real Zaragoza,RealZaragoza,480382619,http://www.realzaragoza.com/,2012-02-01,197637,30584
Red Star FC,RedStarFC,87798769,http://www.redstar.fr/,2009-11-05,17298,7138
Rio Ave FC,RioAve_FC,342227411,http://www.rioavefc.pt/,2011-07-25,13003,7778
Roda JC Kerkrade,rodajckerkrade,65515536,http://www.rodajc.nl/,2009-08-14,35196,19353
Ross County FC,RCFCStaggies,2611353673,http://www.rosscountyfootballclub.co.uk/,2014-07-08,8559,5112
Rotherham United,OfficialRUFC,382122569,http://www.themillers.co.uk/,2011-09-29,61284,32294
Royal Mouscron-Péruwelz,NaN,NaN,NaN,NaN,NaN,NaN
Rubin Kazan,RubinKazanUK,1345092823,http://russianfootballnews.com/,2013-04-11,1911,14414
Ruch Chorzów,ruchchorzow1920,1203983084,http://www.ruchchorzow.com.pl/,2013-02-21,11248,17446
SBV Excelsior,StrijdenWinnen,184861469,NaN,2010-08-30,63,15
SC Bastia,SCBastia,269497836,http://www.sc-bastia.corsica/,2011-03-20,273404,18197
SC Freiburg,scfreiburg,41323269,https://www.scfreiburg.com/,2009-05-20,174923,3306
SCR Altach,SCRAltach,478046116,https://www.scra.at/,2012-01-29,2966,6578
SD Eibar,SDEibar,442869924,http://www.sdeibar.com/eu,2011-12-21,145658,23541
SD Huesca,SDHuesca,97429809,http://www.sdhuesca.es/,2009-12-17,47422,11316
SKN St. Pölten,NaN,NaN,NaN,NaN,NaN,NaN
SL Benfica,SLBenfica,21390437,NaN,2009-02-20,975736,54657
SM Caen,SMCaen,991071265,http://www.smcaen.fr/,2012-12-05,137574,40597
SPAL 2013 Ferrara,NaN,NaN,NaN,NaN,NaN,NaN
SSC Napoli,sscnapoli,454873450,http://www.sscnapoli.it/,2012-01-04,1056570,25253
SV Darmstadt 98,sv98,21283319,http://sv98.de/,2009-02-19,67131,17614
SV Mattersburg,SV_Mattersburg,707852810,https://www.facebook.com/SVMInoffiziell/,2012-07-20,1336,2238
SV Ried,svried1912,310148604,http://www.svried.at/,2011-06-03,3626,4406
SV Sandhausen,SV_Sandhausen,934744224,http://www.svs1916.de/home.html,2012-11-08,28706,2436
SV Zulte Waregem,ESSEVEELIVE,55797610,http://www.essevee.be/,2009-07-11,15917,14354
Sampdoria,sampdoria,491355440,http://www.sampdoria.it/,2012-02-13,271242,29128
Sassuolo Calcio,SassuoloUS,494931397,http://www.sassuolocalcio.it/,2012-02-17,214800,9086
Sevilla Atlético,PortalSevillaAT,358292670,NaN,2011-08-19,13238,7598
Sevilla FC,SevillaFC_ENG,2941994339,NaN,2014-12-26,33749,5793
Sheffield Wednesday,swfc,6448082,http://www.swfc.co.uk/,2007-05-30,202291,38569
Silkeborg IF,eb_silkeborg,58449454,http://ekstrabladet.dk/sport/fodbold/dansk_fodbold/superligaen/silkeborg_if/,2009-07-20,390,800
Sint-Truidense VV,StefPeeters8,1183096321,http://www.stefpeeters.com/,2013-02-15,188,37
Skoda Xanthi,skodaxanthifc,183654535,NaN,2010-08-27,439,6
Slaven Belupo,SlavenBelupokc,2899243236,NaN,2014-11-14,199,509
Slavia Praha,slaviaofficial,523168435,http://www.slavia.cz/,2012-03-13,10172,13566
Slovan Bratislava,hcslovanba,304531080,http://www.hcslovan.sk/sk/,2011-05-24,11122,6950
Slovan Liberec,FCSlovanLiberec,1417658240,http://www.fcslovanliberec.cz/,2013-05-10,2943,4390
Southampton FC,SouthamptonFC,46143892,https://southamptonfc.com/,2009-06-10,734589,69661
SpVgg Greuther Fürth,megyo42,577399858,NaN,2012-05-11,8512,562
Sparta Praha,ACSparta_CZ,95064401,http://www.sparta.cz/,2009-12-06,20547,18442
Sparta Rotterdam,SpartaRotterdam,217192072,http://www.sparta-rotterdam.nl/,2010-11-18,15045,10863
Spartak Moskva,SPARTAKM0SKVA,2696639048,NaN,2014-07-31,20,46
Spartak Trnava,FCSpartakTrnava,245370901,http://www.spartak.sk/,2011-01-31,1370,2296
Spezia Calcio,acspezia,134578975,http://www.acspezia.com/,2010-04-18,15029,20240
Sporting Braga,Rodricontreraas,384973452,NaN,2011-10-04,16455,3217
Sporting CP,Sporting_CP,21389998,http://www.sporting.pt/,2009-02-20,581117,65004
Sporting Charleroi,karel_geraerts,815851340,NaN,2012-09-10,6807,2374
Sporting Gijón,Sporting_Gijon,70416545,NaN,2009-08-31,42187,16446
Sporting Lokeren,KSCLokeren,232890256,https://www.sporting.be/,2011-01-01,15402,4526
St. Johnstone FC,St_Johnstone_FC,318484108,http://www.perthstjohnstonefc.co.uk/,2011-06-16,26500,23130
St. Mirren FC,saintmirrenfc,172044722,NaN,2010-07-28,19470,22188
Stade Brest,NaN,NaN,NaN,NaN,NaN,NaN
Stade Laval,sln_natation,3309435442,http://stadelavalloisnatation.wifeo.com/,2015-06-05,8,7
Stade Reims,Stade2Reims,104856684,https://www.supporters-stade-de-reims.com/,2010-01-14,815,1096
Stade Rennes,StadeRennesFoot,594858366,NaN,2012-05-30,426,7
Standard Liège,R3Rocha,615274676,NaN,2012-06-22,9943,1332
Steaua Bucureşti,FCSB_OFFICIAL,191406424,http://www.steauafc.com/splash/,2010-09-16,3272,12
Stoke City,stokecity,44335177,http://www.stokecityfc.com/,2009-06-03,707500,29214
Sturm Graz,SKSturm,18016395,http://www.sksturm.at/,2008-12-10,8019,9256
Sunderland AFC,SunderlandAFC,27844464,https://www.safc.com/,2009-03-31,680646,57631
Swansea City,SwansOfficial,472385266,http://www.swanseacity.net/,2012-01-23,706790,36556
Szombathelyi Haladás,NaN,NaN,NaN,NaN,NaN,NaN
SønderjyskE,eb_sonderjyske,58458532,http://ekstrabladet.dk/sport/fodbold/dansk_fodbold/superligaen/soenderjyske/,2009-07-20,523,990
TSV 1860 München,1860_UK,753673464,NaN,2012-08-12,991,2602
Tatran Prešov,HT_TatranPresov,2794084016,NaN,2014-09-06,178,25
Terek Grozny,fcterek,110562935,http://fc-terek.ru/,2010-02-02,81082,7510
Termalica Bruk-Bet Nieciecza,NaN,NaN,NaN,NaN,NaN,NaN
Ternana Calcio,TernanaCalcioF,614611328,http://www.ternanacalciofemminile.com/home.html,2012-06-21,898,825
Torino FC,TorinoFC_1906,539085035,http://torinofc.it/,2012-03-28,290026,13007
Tottenham Hotspur,SpursOfficial,121402638,http://www.tottenhamhotspur.com/,2010-03-09,1932512,67121
Toulouse FC,ToulouseFC,47902100,http://www.tfc.info/prehome,2009-06-17,411850,46276
Tours FC,ToursFC,978599220,http://www.toursfc.fr/,2012-11-29,31472,6673
Trabzonspor,Trabzonspor,137957360,http://www.trabzonspor.org.tr/tr,2010-04-28,865912,22541
Trapani Calcio,TrapaniCalcio,1598831546,http://www.trapanicalcio.it/,2013-07-16,12959,15124
UCAM Murcia CF,tito_ortiz6,271975692,NaN,2011-03-25,805,735
UD Almería,U_D_Almeria,288813824,http://www.udalmeriasad.com/,2011-04-27,159172,25314
UD Las Palmas,UDLP_Oficial,156998330,NaN,2010-06-18,204494,47226
US Avellino,US_Avellino1912,1613928331,http://www.usavellino.club/,2013-07-22,10685,1574
US Orléans,US_Orleans,1699343959,http://www.usofoot.com/,2013-08-25,17450,10624
US Palermo,RepUsPalermo,388491459,http://www.repubblica.it/sport/calcio/serie-a/palermo/,2011-10-10,28730,2304
US Salernitana 1919,OfficialUSS1919,2371100150,http://www.ussalernitana1919.it/,2014-03-03,7260,5493
Udinese Calcio,Udinese_1896,298038413,http://www.udinese.it/,2011-05-13,243313,33094
Valencia CF,valenciacf,109312021,http://www.valenciacf.com/,2010-01-28,932015,68954
Valenciennes FC,VAFC,245726871,http://www.va-fc.com/fr/prehome/,2011-02-01,101960,21866
Veria FC,VeriaFC,869654760,http://www.veriafc.gr/,2012-10-09,1543,1105
VfB Stuttgart,VfB,138401594,http://www.vfb.de/de/1893/verein/service/formales/impressum/,2010-04-29,381154,21585
VfL Bochum,VfLBochum1848eV,61141639,http://www.vfl-bochum.de/,2009-07-29,81704,18454
VfL Wolfsburg,VfL_Wolfsburg,15915062,https://www.vfl-wolfsburg.de/,2008-08-20,224240,21623
Viborg FF,ivan_george6,707342461,NaN,2012-07-20,1424,214
Vicenza Calcio,VicenzaCalcio,1245934224,http://www.vicenzacalcio.com/,2013-03-06,11522,8798
Videoton FC,VideotonFC,138039098,http://www.vidi.hu/,2010-04-28,1908,7236
Viktoria Plzeň,fcviktorkaplzen,861322412,http://www.fcviktoria.cz/,2012-10-04,12928,6740
Villarreal CF,VillarrealCF,46862437,http://www.villarrealcf.es/,2009-06-13,334992,57316
Virtus Entella,V_Entella,2282658475,http://www.entella.it/,2014-01-08,10850,6980
Vitesse,MijnVitesse,161319341,https://www.vitesse.nl/,2010-06-30,54128,26472
Vitória Guimarães,marega91,419879646,http://www.fcporto.pt/pt/Pages/fc-porto.aspx,2011-11-23,3910,9584
Vitória Setúbal,vsetubalFC1910,799525687606607873,NaN,2016-11-18,1124,529
Vysočina Jihlava,fcvysocina,282536270,http://www.fcvysocina.cz/,2011-04-15,2569,1967
Waasland-Beveren,WaaslandBeveren,145803645,http://www.waasland-beveren.be/,2010-05-19,10338,11586
Watford FC,WatfordFC,226590250,https://www.watfordfc.com/,2010-12-14,312174,31385
Werder Bremen,werderbremen,14843692,https://www.werder.de/,2008-05-20,355400,35981
West Bromwich Albion,WBA,280412626,http://www.wba.co.uk/,2011-04-11,602520,34696
West Ham United,WestHamUtd,156247074,http://www.whufc.com/,2010-06-16,1102151,77019
Wigan Athletic,LaticsOfficial,21079235,http://www.wiganlatics.co.uk/,2009-02-17,225855,41885
Willem II,WillemII,234303966,http://www.willem-ii.nl/eeuwigetrouw,2011-01-05,24846,18373
Wisła Kraków,WislaKrakowSA,617878579,http://www.wisla.krakow.pl/splash1/,2012-06-25,18078,7423
Wisła Płock,WislaPlockSA,3647076193,NaN,2015-09-22,2760,2674
Wolfsberger AC,WolfsbergerAC,446465372,http://rzpelletswac.at/,2011-12-25,5395,19198
Wolverhampton Wanderers,Wolves,49296276,http://www.wolves.co.uk/,2009-06-21,200985,82823
Würzburger Kickers,NaN,NaN,NaN,NaN,NaN,NaN
Zagłębie Lubin,ZaglebieLubin,342020320,http://www.zaglebie.com/,2011-07-25,7187,4868
Zenit St. Petersburg,fczenit_de,2243628728,http://fc-zenit.ru/,2013-12-13,4529,1256
Zlate Moravce,ZM_info,393587857,https://www.zlatemoravce.info/,2011-10-18,36,3172
sc Heerenveen,scHeerenveen,23942888,http://www.sc-heerenveen.nl/,2009-03-12,65528,33422
Çaykur Rizespor,CRizesporAS,532953809,http://www.caykurrizespor.org.tr/,2012-03-22,46210,8881
Örebro SK,Munster_Coach,102689896,https://en.wikipedia.org/wiki/Paul_Munster,2010-01-07,33336,4424
Östersunds FK,ostersunds_fk,823124632278626304,NaN,2017-01-22,0,0
Újpest FC,ujpestfc1885,626413689,http://www.ujpestfc.hu/,2012-07-04,2269,3044
Śląsk Wrocław,SlaskWroclawPl,529378469,http://slaskwroclaw.pl/strona/,2012-03-19,15988,11630
ŽP Šport Podbrezová,NaN,NaN,NaN,NaN,NaN,NaN
